rank,name,year,combined_rating_count,igdb_rating_count,rawg_ratings_count,igdb_rating,igdb_popularity,igdb_original_rank,igdb_follows,rawg_added,metacritic,rawg_matched,primaryGenre,publisher,franchise,platform,perspective,primaryTheme,isMultiplayer,igdb_id
1,Grand Theft Auto V,2013,12866,5532,7334,89,5537,1,0,22484,92,Yes,Shooter,Take-Two Interactive,Grand Theft Auto,Multi-platform,First person,Action,Yes,1020
2,The Witcher 3: Wild Hunt,2015,12208,5065,7143,93,5077,2,0,22122,92,Yes,Role-playing (RPG),WB Games,The Witcher,Multi-platform,Third person,Action,No,1942
3,Portal 2,2011,10286,4220,6066,92,4209,3,0,20830,95,Yes,Platform,Valve,Portal,Multi-platform,First person,Action,Yes,72
4,The Elder Scrolls V: Skyrim,2011,8975,4078,4897,84,4081,4,0,16810,94,Yes,Role-playing (RPG),Bethesda Softworks,The Elder Scrolls,Multi-platform,First person,Action,No,472
5,Red Dead Redemption 2,2018,8820,3369,5451,94,3369,7,0,16788,96,Yes,Shooter,Take-Two Interactive,,Multi-platform,First person,Action,Yes,25076
6,Portal,2007,8800,3812,4988,83,3798,5,0,17754,90,Yes,Platform,Valve,Portal,Multi-platform,First person,Action,No,71
7,God of War (2018),2018,8350,3226,5124,94,3243,9,0,14491,94,Yes,Role-playing (RPG),Sony Interactive Entertainment,God of War,PlayStation,Third person,Action,No,19560
8,Grand Theft Auto: San Andreas,2004,7800,3761,4039,92,3753,6,0,12071,93,Yes,Shooter,Take-Two Interactive,Grand Theft Auto,Multi-platform,First person,Action,Yes,732
11,Half-Life 2,2004,7304,3222,4082,85,3216,10,0,16063,96,Yes,Shooter,Valve,Half-Life,Multi-platform,First person,Action,No,233
12,BioShock Infinite,2013,6752,2589,4163,89,2595,17,0,16085,94,Yes,Shooter,2K Games,Bioshock,Multi-platform,First person,Action,No,538
13,The Last of Us,2013,6602,3267,3335,92,3266,8,0,7242,95,Yes,Shooter,Sony Computer Entertainment,The Last of Us,PlayStation,Third person,Action,Yes,1009
14,BioShock,2007,6381,3027,3354,90,3027,12,0,14746,96,Yes,Shooter,2K Games,Bioshock,Xbox,First person,Action,No,20
15,Tomb Raider,2013,6366,2287,4079,83,2293,24,0,17782,86,Yes,Shooter,Square Enix,Tomb Raider,Multi-platform,Third person,Action,Yes,1164
16,Uncharted 4: A Thief's End,2016,6162,2445,3717,92,2462,20,0,9585,93,Yes,Shooter,Sony Interactive Entertainment,Uncharted,PlayStation,Third person,Action,Yes,7331
17,God of War (2005),2005,6147,1023,5124,88,1025,127,0,14491,94,Yes,Puzzle,Capcom,God of War,PlayStation,Third person,Action,No,549
18,Horizon Zero Dawn,2017,6060,2293,3767,88,2311,23,0,12803,89,Yes,Shooter,Sony Interactive Entertainment,Horizon,PlayStation,Third person,Action,No,11156
19,Grand Theft Auto: Vice City,2002,6019,2933,3086,91,2928,13,0,9861,94,Yes,Shooter,Rockstar Games,Grand Theft Auto,Multi-platform,Third person,Action,No,733
20,Assassin's Creed II,2009,5994,3046,2948,88,3049,11,0,8181,89,Yes,Platform,Ubisoft Entertainment,Assassin's Creed,Multi-platform,Third person,Action,No,127
21,The Legend of Zelda: Breath of the Wild,2017,5940,2767,3173,95,2786,14,0,6332,97,Yes,Puzzle,Nintendo,The Legend of Zelda,Nintendo,Third person,Action,No,7346
22,Mass Effect 2,2010,5726,2653,3073,93,2656,16,0,9499,94,Yes,Shooter,Electronic Arts,Mass Effect,Multi-platform,Third person,Action,No,74
23,Marvel's Spider-Man,2018,5666,1978,3688,88,1985,29,0,10449,87,Yes,Hack and slash/Beat 'em up,Sony Interactive Entertainment,Spider-Man,PlayStation,Third person,Action,No,19565
24,Life is Strange,2015,5559,1798,3761,81,1798,41,0,15886,83,Yes,Puzzle,Feral Interactive,Life is Strange,Multi-platform,Third person,Action,No,7599
25,The Legend of Zelda: Ocarina of Time,1998,5213,2040,3173,92,2035,28,0,6332,97,Yes,Puzzle,Nintendo,The Legend of Zelda,Nintendo,Third person,Action,No,1029
26,Half-Life,1998,5179,2747,2432,84,2736,15,0,11504,96,Yes,Shooter,Sierra Entertainment,Half-Life,PlayStation,First person,Action,Yes,231
27,Mass Effect,2007,5117,2428,2689,87,2427,21,0,8988,89,Yes,Shooter,Electronic Arts,Mass Effect,Multi-platform,Third person,Action,No,73
28,Borderlands 2,2012,5116,1809,3307,82,1819,38,0,15989,89,Yes,Shooter,2K Games,Borderlands,Multi-platform,First person,Action,Yes,1011
29,Far Cry 3,2012,5109,2129,2980,87,2139,26,0,10789,88,Yes,Shooter,Ubisoft Entertainment,Far Cry,Multi-platform,First person,Action,Yes,529
30,Fallout 4,2015,5080,1665,3415,82,1681,52,0,14259,84,Yes,Shooter,Bethesda Softworks,Fallout,Multi-platform,First person,Action,No,9630
31,The Elder Scrolls V: Skyrim - Dragonborn,2012,5016,119,4897,83,125,1471,0,16810,94,Yes,Role-playing (RPG),Bethesda Softworks,,Multi-platform,First person,Action,No,6069
32,Limbo,2010,4944,1552,3392,83,1560,64,0,14128,88,Yes,Platform,Microsoft Game Studios,,Multi-platform,Side view,Action,No,1331
33,Counter-Strike: Global Offensive,2012,4937,1311,3626,81,1313,83,0,18342,81,Yes,Shooter,Valve,,Multi-platform,First person,Action,Yes,1372
34,Grand Theft Auto IV,2008,4895,1801,3094,86,1802,40,0,13169,95,Yes,Shooter,Take-Two Interactive,Grand Theft Auto,Multi-platform,Third person,Action,Yes,731
35,Fallout: New Vegas,2010,4881,2262,2619,85,2262,25,0,10215,84,Yes,Shooter,Bandai Namco Entertainment,Fallout,Multi-platform,First person,Action,No,16
36,Batman: Arkham Asylum,2009,4833,2509,2324,88,2511,19,0,6053,91,Yes,Hack and slash/Beat 'em up,Eidos Interactive,Batman,Multi-platform,Third person,Action,No,500
37,The Legend of Zelda: A Link to the Past,1991,4811,1638,3173,96,1629,56,0,6332,97,Yes,Puzzle,St. GIGA,The Legend of Zelda,Nintendo,Bird view / Isometric,Action,No,1026
38,Batman: Arkham City,2011,4725,2559,2166,89,2563,18,0,6711,94,Yes,Hack and slash/Beat 'em up,WB Games,Batman,Multi-platform,Third person,Action,No,501
39,Hollow Knight,2017,4706,1989,2717,92,1984,30,0,11825,88,Yes,Platform,Team Cherry,,Multi-platform,Side view,Action,No,14593
40,Dark Souls III,2016,4569,1807,2762,87,1829,37,0,11200,89,Yes,Role-playing (RPG),Bandai Namco Entertainment,Dark Souls,Multi-platform,Third person,Action,Yes,11133
41,Tomb Raider,1996,4541,462,4079,83,461,381,0,17782,86,Yes,Shooter,Square Enix,Tomb Raider,Multi-platform,Third person,Action,No,912
42,Dishonored,2012,4540,1819,2721,88,1833,36,0,9967,91,Yes,Puzzle,Bethesda Softworks,,Multi-platform,First person,Action,No,533
43,Left 4 Dead 2,2009,4539,1142,3397,85,1141,107,0,17480,89,Yes,Shooter,Valve,,Xbox,First person,Action,Yes,124
44,Red Dead Redemption,2010,4521,2334,2187,91,2333,22,0,7407,95,Yes,Shooter,Rockstar Games,,Multi-platform,Third person,Action,Yes,434
45,The Last of Us Remastered,2014,4507,1655,2852,95,1663,53,0,8986,95,Yes,Shooter,Sony Computer Entertainment,The Last of Us,PlayStation,Third person,Action,Yes,6036
46,Detroit: Become Human,2018,4489,1180,3309,80,1183,100,0,10415,79,Yes,Adventure,Sony Interactive Entertainment,,PlayStation,Third person,Action,No,14362
47,Cyberpunk 2077,2020,4419,1442,2977,79,1455,74,0,13899,73,Yes,Shooter,CD Projekt,Cyberpunk,Multi-platform,First person,Action,No,1877
48,Assassin's Creed IV Black Flag,2013,4356,1709,2647,84,1728,47,0,9754,85,Yes,Adventure,Ubisoft Entertainment,Assassin's Creed,Multi-platform,Third person,Action,Yes,1970
49,Grand Theft Auto: Chinatown Wars,2009,4212,173,4039,83,182,1055,0,12071,93,Yes,Shooter,Rockstar Games,Grand Theft Auto,Multi-platform,Bird view / Isometric,Action,Yes,3270
50,Bloodborne,2015,4192,1742,2450,91,1754,45,0,8666,92,Yes,Role-playing (RPG),Sony Computer Entertainment,,PlayStation,Third person,Action,Yes,7334
51,The Legend of Zelda: The Wind Waker,2002,4172,999,3173,89,996,138,0,6332,97,Yes,Puzzle,Nintendo,The Legend of Zelda,Nintendo,Third person,Action,No,1033
52,Inside,2016,4148,1572,2576,89,1608,58,0,8383,87,Yes,Platform,Playdead,,Multi-platform,Side view,Action,No,7342
53,Batman: Arkham Knight,2015,4120,1441,2679,88,1455,73,0,12249,81,Yes,Hack and slash/Beat 'em up,Warner Bros. Interactive Entertainment,Batman,Multi-platform,Third person,Action,No,5503
54,Stardew Valley,2016,4083,1637,2446,88,1644,54,0,10981,89,Yes,Role-playing (RPG),Chucklefish Games,,Multi-platform,Bird view / Isometric,Fantasy,Yes,17000
55,Rise of the Tomb Raider,2015,4072,1276,2796,84,1300,85,0,12384,86,Yes,Shooter,Microsoft Studios,Tomb Raider,Multi-platform,First person,Action,Yes,7323
56,Rocket League,2015,4013,1160,2853,85,1168,103,0,12828,86,Yes,Racing,Psyonix,,Multi-platform,Third person,Action,Yes,11198
57,Life is Strange: True Colors,2021,3975,214,3761,82,224,823,0,15886,83,Yes,Adventure,Square Enix,Life is Strange,Multi-platform,Third person,Action,No,144765
58,The Legend of Zelda: Tears of the Kingdom,2023,3961,788,3173,94,787,194,0,6332,97,Yes,Puzzle,Nintendo,The Legend of Zelda,Nintendo,Third person,Action,No,119388
59,Marvel's Spider-Man Remastered,2020,3936,248,3688,82,256,717,0,10449,87,Yes,Hack and slash/Beat 'em up,Sony Interactive Entertainment,Spider-Man,PlayStation,Third person,Action,No,138949
60,Uncharted 2: Among Thieves,2009,3902,2110,1792,92,2112,27,0,4078,96,Yes,Shooter,Sony Computer Entertainment,Uncharted,PlayStation,Third person,Action,Yes,565
61,Middle-earth: Shadow of Mordor,2014,3889,1339,2550,82,1354,80,0,11756,85,Yes,Role-playing (RPG),WB Games,The Lord of the Rings,Multi-platform,Third person,Action,No,3025
62,Hotline Miami,2012,3856,1217,2639,85,1224,93,0,10892,85,Yes,Shooter,Devolver Digital,,Multi-platform,Bird view / Isometric,Action,No,1384
63,Ultimate Spider-Man,2005,3855,167,3688,75,173,1106,0,10449,87,Yes,Hack and slash/Beat 'em up,Taito,Spider-Man,Multi-platform,Third person,Action,No,4225
64,Super Mario 64,1996,3847,1930,1917,89,1921,33,0,3878,97,Yes,Platform,Nintendo,Mario Bros.,Nintendo,Third person,Action,No,1074
65,Super Mario World,1990,3802,1885,1917,96,1876,34,0,3878,97,Yes,Platform,Nintendo,Mario Bros.,Nintendo,Side view,Action,Yes,1070
66,Team Fortress 2,2007,3799,865,2934,81,862,170,0,14034,92,Yes,Shooter,Valve,,Multi-platform,First person,Action,Yes,891
67,Wolfenstein: The New Order,2014,3769,1263,2506,79,1275,88,0,10444,81,Yes,Shooter,Bethesda Softworks,Wolfenstein,Multi-platform,First person,Action,No,2031
68,Assassin's Creed,2007,3760,1743,2017,77,1743,46,0,5532,80,Yes,Platform,Ubisoft Entertainment,Assassin's Creed,Multi-platform,Third person,Action,No,128
69,Max Payne,2001,3744,1702,2042,80,1698,49,0,5843,89,Yes,Shooter,Gathering of Developers,Max Payne,Multi-platform,Third person,Action,No,18
70,The Legend of Zelda: Ocarina of Time 3D,2011,3686,513,3173,91,518,337,0,6332,97,Yes,Puzzle,Nintendo,The Legend of Zelda,Nintendo,Third person,Action,No,1039
71,Super Mario Odyssey,2017,3672,1755,1917,93,1766,43,0,3878,97,Yes,Platform,Nintendo,Mario,Nintendo,Third person,Action,Yes,26758
72,Fallout 3,2008,3656,1712,1944,86,1716,48,0,6686,91,Yes,Shooter,Bethesda Softworks,Fallout,Multi-platform,First person,Action,No,15
73,Undertale,2015,3646,1763,1883,91,1764,44,0,8579,92,Yes,Puzzle,4-Aug,,Multi-platform,Bird view / Isometric,Fantasy,No,12517
74,Firewatch,2016,3646,1151,2495,79,1164,106,0,8250,81,Yes,Adventure,Panic,,Multi-platform,First person,Drama,No,9730
75,Metal Gear Solid V: The Phantom Pain,2015,3643,1119,2524,90,1136,108,0,12177,91,Yes,Shooter,Konami,Metal Gear,Multi-platform,Third person,Action,Yes,1985
76,Hades,2020,3626,1555,2071,91,1564,62,0,9094,93,Yes,Role-playing (RPG),Supergiant Games,,Multi-platform,Bird view / Isometric,Action,No,113112
77,Assassin's Creed III,2012,3619,1440,2179,77,1456,72,0,7460,80,Yes,Adventure,Ubisoft Entertainment,Assassin's Creed,Multi-platform,Third person,Action,Yes,1266
78,Call of Duty 4: Modern Warfare,2007,3610,1774,1836,86,1775,42,0,4507,92,Yes,Shooter,Activision,Call of Duty,Multi-platform,First person,Action,Yes,623
79,NieR: Automata,2017,3595,1437,2158,88,1457,71,0,9050,86,Yes,Role-playing (RPG),Square Enix,Drakengard,PlayStation,Third person,Action,No,11208
80,Mass Effect 3,2012,3583,1803,1780,88,1816,39,0,4692,90,Yes,Shooter,Electronic Arts,Mass Effect,Multi-platform,Third person,Action,Yes,75
81,Journey,2012,3582,1122,2460,90,1134,109,0,8617,92,Yes,Platform,Sony Computer Entertainment,,PlayStation,Third person,Fantasy,Yes,1352
82,Minecraft,2016,3578,470,3108,81,462,377,0,8903,83,Yes,Simulator,Mojang Studios,Minecraft,Multi-platform,First person,Action,Yes,135400
83,Dota 2,2013,3577,730,2847,85,733,207,0,13168,90,Yes,Strategy,Valve,Dota,PC,Third person,Action,Yes,2963
84,Call of Duty: Modern Warfare 2,2009,3567,1496,2071,83,1500,69,0,7571,86,Yes,Shooter,Activision,Call of Duty,Multi-platform,First person,Action,Yes,559
85,Grand Theft Auto,1997,3564,478,3086,78,476,368,0,9861,94,Yes,Shooter,BMG Interactive,Grand Theft Auto,Multi-platform,Bird view / Isometric,Action,Yes,980
86,Dragon Age: Origins,2009,3563,1595,1968,88,1599,60,0,6918,91,Yes,Role-playing (RPG),Electronic Arts,Dragon Age,Multi-platform,Third person,Action,No,76
87,Resident Evil 2,2019,3553,1300,2253,90,1308,84,0,5484,91,Yes,Shooter,Capcom,Resident Evil,Multi-platform,Third person,Action,No,19686
88,The Last of Us Part II,2020,3534,1556,1978,93,1560,63,0,7386,93,Yes,Shooter,Sony Interactive Entertainment,The Last of Us,PlayStation,Third person,Action,No,26192
89,Heavy Rain,2010,3532,1070,2462,81,1072,116,0,8387,80,Yes,Adventure,Quantic Dream,,PlayStation,First person,Action,No,493
90,The Witcher 2: Assassins of Kings,2011,3524,1345,2179,85,1349,82,0,12029,88,Yes,Role-playing (RPG),CD Projekt RED,The Witcher,Xbox,Third person,Action,No,478
91,Half-Life 2: Episode Two,2007,3459,1448,2011,79,1447,75,0,11275,90,Yes,Shooter,EA Games,Half-Life,Multi-platform,First person,Action,No,247
92,Terraria,2011,3436,974,2462,82,981,140,0,13494,81,Yes,Platform,Headup Games,,Multi-platform,Side view,Action,Yes,1879
93,Assassin's Creed Brotherhood,2010,3403,1682,1721,83,1688,51,0,5445,88,Yes,Puzzle,Ubisoft Entertainment,Assassin's Creed,Multi-platform,Third person,Action,Yes,113
94,Resident Evil 4,2005,3391,1558,1833,85,1558,65,0,7020,83,Yes,Shooter,Capcom,Resident Evil,Nintendo,Third person,Action,No,974
95,Mafia II,2010,3389,1191,2198,77,1193,97,0,8458,77,Yes,Shooter,2K Games,,Multi-platform,Third person,Action,No,40
96,Elden Ring,2022,3388,1949,1439,95,1945,32,0,8071,95,Yes,Role-playing (RPG),Bandai Namco Entertainment,,Multi-platform,Third person,Action,Yes,119133
97,Dead Space,2008,3387,1191,2196,87,1193,98,0,9519,86,Yes,Shooter,Electronic Arts,Dead Space,Multi-platform,Third person,Action,No,37
98,Sekiro: Shadows Die Twice,2019,3367,1261,2106,91,1271,89,0,8339,90,Yes,Adventure,Activision,,Multi-platform,Third person,Action,No,76882
99,Uncharted 3: Drake's Deception,2011,3366,1421,1945,89,1427,77,0,6492,92,Yes,Shooter,Sony Computer Entertainment,Uncharted,PlayStation,Third person,Action,Yes,512
100,Silent Hill 2,2001,3350,1097,2253,91,1094,115,0,5484,91,Yes,Puzzle,Konami,Silent Hill,PlayStation,Third person,Horror,No,481
101,The Legend of Zelda: Oracle of Ages,2001,3337,164,3173,90,167,1147,0,6332,97,Yes,Puzzle,Nintendo,The Legend of Zelda,Nintendo,Bird view / Isometric,Action,No,1041
102,Hellblade: Senua's Sacrifice,2017,3331,1036,2295,84,1056,119,0,9900,83,Yes,Simulator,Ninja Theory,,Multi-platform,Third person,Action,No,7603
103,Mass Effect Trilogy,2012,3331,642,2689,93,639,244,0,8988,89,Yes,Shooter,EA,Mass Effect,Multi-platform,Third person,Action,No,45181
104,The Wolf Among Us,2013,3327,1159,2168,82,1167,105,0,7804,82,Yes,Point-and-click,Telltale Games,Fables,Multi-platform,Third person,Action,No,2993
105,Mirror's Edge,2008,3324,946,2378,75,951,151,0,10904,81,Yes,Platform,Electronic Arts,,Multi-platform,First person,Action,No,1051
106,Watch Dogs,2014,3306,1096,2210,77,1113,113,0,8400,77,Yes,Shooter,Ubisoft Entertainment,Watch_Dogs,Multi-platform,Third person,Action,Yes,1121
107,Grand Theft Auto: Vice City Stories,2006,3306,220,3086,75,218,855,0,9861,94,Yes,Racing,Take-Two Interactive,Grand Theft Auto,PlayStation,Third person,Action,Yes,3262
108,Grand Theft Auto: Liberty City Stories,2005,3299,213,3086,79,215,866,0,9861,94,Yes,Racing,Take-Two Interactive,Grand Theft Auto,PlayStation,Third person,Action,Yes,3263
109,Destiny 2,2017,3266,602,2664,78,625,255,0,14574,82,Yes,Shooter,Activision,Destiny,Multi-platform,First person,Action,Yes,25657
110,Alan Wake,2010,3249,968,2281,82,971,145,0,10489,83,Yes,Shooter,E-Frontier,,Xbox,Third person,Action,No,1062
111,Shovel Knight,2014,3228,511,2717,87,529,326,0,11825,88,Yes,Platform,Yacht Club Games,Shovel Knight,Multi-platform,Side view,Action,Yes,7444
112,Star Wars Jedi: Fallen Order,2019,3227,958,2269,82,964,148,0,9639,80,Yes,Adventure,Electronic Arts,Star Wars,Multi-platform,Third person,Action,No,74701
113,Super Mario Bros.,1985,3187,1270,1917,84,1267,91,0,3878,97,Yes,Platform,Playtronic,Mario Bros.,Nintendo,Side view,Action,Yes,358
114,Grand Theft Auto III,2001,3184,1547,1637,90,1543,67,0,7303,93,Yes,Shooter,Take-Two Interactive,Grand Theft Auto,Multi-platform,Third person,Action,No,730
115,Call of Duty: Black Ops,2010,3142,1280,1862,80,1290,86,0,6964,81,Yes,Shooter,Activision,Call of Duty,Multi-platform,First person,Action,Yes,545
116,Assassin's Creed Origins,2017,3138,1043,2095,84,1055,121,0,7974,81,Yes,Role-playing (RPG),Ubisoft Entertainment,Assassin's Creed,Multi-platform,Third person,Action,No,28540
117,Sid Meier's Civilization V,2010,3135,1120,2015,86,1124,111,0,9765,90,Yes,Simulator,Aspyr Media,Sid Meier,PC,Bird view / Isometric,Fantasy,Yes,866
118,Metro 2033,2010,3127,849,2278,85,853,172,0,12727,79,Yes,Shooter,THQ,Metro,Xbox,First person,Action,No,495
119,Super Mario Galaxy,2007,3114,1197,1917,94,1195,96,0,3878,97,Yes,Platform,Nintendo,Mario Bros.,Nintendo,Third person,Action,Yes,1077
120,Borderlands,2009,3109,990,2119,80,996,139,0,10135,81,Yes,Shooter,2K Games,Borderlands,Multi-platform,First person,Action,Yes,498
121,L.A. Noire,2011,3076,1011,2065,86,1013,133,0,9713,83,Yes,Strategy,Take-Two Interactive,,Multi-platform,Third person,Action,No,109
122,Hollow Knight: Silksong,2025,3069,352,2717,91,349,510,0,11825,88,Yes,Platform,Team Cherry,,Multi-platform,Side view,Action,No,115289
123,Celeste,2018,3042,1349,1693,89,1353,81,0,6152,91,Yes,Platform,Maddy Makes Games,,Multi-platform,Side view,Action,No,26226
124,Apex Legends,2019,3041,631,2410,82,638,245,0,12005,80,Yes,Shooter,Electronic Arts,,Multi-platform,First person,Action,Yes,114795
125,Max Payne 3,2012,3031,1102,1929,86,1107,114,0,8262,87,Yes,Shooter,Rockstar Games,Max Payne,Multi-platform,Third person,Action,Yes,960
126,Far Cry 4,2014,3029,1110,1919,81,1125,110,0,7709,80,Yes,Shooter,Ubisoft Entertainment,Far Cry,Multi-platform,First person,Action,Yes,6801
127,BioShock 2,2010,3024,1066,1958,84,1067,117,0,11544,88,Yes,Shooter,2K Games,Bioshock,Multi-platform,First person,Action,Yes,21
128,Assassin's Creed Odyssey,2018,3013,917,2096,85,927,157,0,8218,85,Yes,Role-playing (RPG),Ubisoft Entertainment,Assassin's Creed,Multi-platform,Third person,Action,No,103054
129,The Stanley Parable,2013,2993,967,2026,86,974,143,0,7623,88,Yes,Adventure,Galactic Cafe,,PC,First person,Comedy,No,3035
130,What Remains of Edith Finch,2017,2975,945,2030,85,965,147,0,6539,89,Yes,Puzzle,Annapurna Interactive,,Multi-platform,First person,Horror,No,11233
131,Far Cry 5,2018,2974,810,2164,80,824,180,0,8468,80,Yes,Shooter,Ubisoft Entertainment,Far Cry,Multi-platform,First person,Action,Yes,28552
132,Ori and the Blind Forest,2015,2957,1429,1528,87,1440,76,0,7471,88,Yes,Platform,Microsoft Studios,,Multi-platform,Side view,Action,No,7344
133,Resident Evil 7: Biohazard,2017,2949,978,1971,86,998,136,0,8736,85,Yes,Shooter,Capcom,Resident Evil,Multi-platform,First person,Action,No,19562
134,Half-Life 2: Episode One,2006,2927,870,2057,85,870,167,0,11383,87,Yes,Shooter,EA Games,Half-Life,Multi-platform,First person,Action,No,338
135,Death Stranding,2019,2925,828,2097,85,842,175,0,9368,84,Yes,Shooter,Sony Interactive Entertainment,Death Stranding,PlayStation,Third person,Action,No,19564
136,Control,2019,2910,876,2034,83,888,161,0,9701,84,Yes,Shooter,505 Games,,Multi-platform,Third person,Action,No,103329
137,Prey,2017,2898,659,2239,78,674,230,0,10230,80,Yes,Shooter,Bethesda Softworks,,Multi-platform,First person,Action,No,19531
138,Cuphead,2017,2885,855,2030,86,869,168,0,8090,87,Yes,Shooter,Studio MDHR,,Multi-platform,Bird view / Isometric,Action,Yes,9061
139,South Park: The Stick of Truth,2014,2884,1168,1716,82,1178,101,0,7107,84,Yes,Role-playing (RPG),Ubisoft Entertainment,South Park,Multi-platform,Third person,Action,No,1262
140,Titanfall 2,2016,2874,808,2066,86,828,178,0,8691,87,Yes,Shooter,Electronic Arts,,Multi-platform,First person,Action,Yes,17447
141,Star Wars: Knights of the Old Republic,2003,2866,1399,1467,92,1404,79,0,6990,88,Yes,Role-playing (RPG),LucasArts,Star Wars,Multi-platform,Third person,Action,No,116
142,Spec Ops: The Line,2012,2818,877,1941,79,884,163,0,10393,76,Yes,Shooter,2K Games,,Multi-platform,Third person,Action,Yes,1377
143,Resident Evil 2,1998,2816,563,2253,69,565,286,0,5484,91,Yes,Shooter,Nintendo,Resident Evil,Multi-platform,Third person,Action,No,880
144,Battlefield 1,2016,2812,844,1968,84,866,169,0,7760,88,Yes,Shooter,Electronic Arts,Battlefield,Multi-platform,First person,Action,Yes,18320
145,Super Metroid,1994,2783,1018,1765,96,1014,132,0,9686,87,Yes,Shooter,Nintendo,Metroid,Nintendo,Side view,Action,No,1103
146,Saints Row: The Third,2011,2780,710,2070,81,719,211,0,10333,84,Yes,Shooter,Square Enix,,Multi-platform,Third person,Action,Yes,873
147,Dishonored 2,2016,2765,744,2021,85,761,200,0,10009,86,Yes,Shooter,Bethesda Softworks,,Multi-platform,First person,Action,No,11118
148,Call of Duty: Modern Warfare 3,2011,2754,1112,1642,77,1114,112,0,6362,85,Yes,Shooter,Activision,Call of Duty,Multi-platform,First person,Action,Yes,979
149,Need for Speed: Most Wanted,2005,2727,960,1767,84,958,149,0,3269,83,Yes,Racing,Electronic Arts,Need for Speed,Xbox,First person,Open world,Yes,98
150,Payday 2,2013,2714,474,2240,74,489,353,0,14130,79,Yes,Shooter,Starbreeze Studios,,Multi-platform,First person,Action,Yes,2058
151,MiSide,2024,2700,124,2576,82,124,1478,0,8383,87,Yes,Adventure,Shochiku,,PC,First person,Horror,No,255777
152,It Takes Two,2021,2673,963,1710,89,970,146,0,5577,88,Yes,Platform,Electronic Arts,,Multi-platform,Third person,Action,Yes,135243
153,Assassin's Creed Revelations,2011,2657,1195,1462,79,1202,95,0,4930,80,Yes,Adventure,Ubisoft Entertainment,Assassin's Creed,Multi-platform,Third person,Action,Yes,537
154,Uncharted: Drake's Fortune,2007,2645,1172,1473,83,1175,102,0,3879,88,Yes,Shooter,Sony Computer Entertainment,Uncharted,PlayStation,Third person,Action,No,431
155,Assassin's Creed Unity,2014,2637,925,1712,71,940,154,0,7025,71,Yes,Role-playing (RPG),Ubisoft Entertainment,Assassin's Creed,Multi-platform,Third person,Action,Yes,5606
156,Max Payne 2: The Fall of Max Payne,2003,2605,999,1606,85,999,135,0,4884,80,Yes,Shooter,Rockstar Games,Max Payne,Multi-platform,Third person,Action,No,19
157,Dragon Age: Inquisition,2014,2602,1042,1560,85,1056,120,0,6388,86,Yes,Role-playing (RPG),Electronic Arts,Dragon Age,Multi-platform,Third person,Action,Yes,1887
158,BloodRayne,2002,2592,142,2450,76,144,1288,0,8666,92,Yes,Hack and slash/Beat 'em up,Majesco Entertainment,,Multi-platform,Third person,Action,No,1015
159,Super Meat Boy,2010,2583,818,1765,84,819,183,0,9686,87,Yes,Platform,BlitWorks,,Multi-platform,Side view,Action,No,885
160,Warframe,2013,2582,471,2111,74,480,362,0,13136,73,Yes,Shooter,Digital Extremes,,Multi-platform,Third person,Action,Yes,2903
161,Mortal Kombat X,2015,2577,464,2113,82,480,361,0,9027,76,Yes,Fighting,WB Games,Mortal Kombat,Multi-platform,Side view,Action,Yes,7292
162,Hitman,2016,2570,545,2025,79,573,281,0,10871,83,Yes,Shooter,Square Enix,Hitman,Multi-platform,Third person,Action,No,11157
163,Deus Ex: Human Revolution,2011,2561,1012,1549,88,1018,128,0,6192,89,Yes,Shooter,Feral Interactive,,Multi-platform,First person,Action,No,43
164,Deus Ex: Mankind Divided,2016,2556,546,2010,80,574,279,0,10786,83,Yes,Shooter,Feral Interactive,,Multi-platform,First person,Action,No,9498
165,Dark Souls,2011,2535,1604,931,89,1605,59,0,3331,89,Yes,Role-playing (RPG),Bandai Namco Entertainment,Dark Souls,Multi-platform,Third person,Action,Yes,2155
166,Outlast,2013,2518,666,1852,77,676,228,0,10862,80,Yes,Adventure,Red Barrels,,Multi-platform,First person,Action,No,1910
167,Beyond: Two Souls,2013,2501,726,1775,70,735,206,0,6666,73,Yes,Adventure,Sony Computer Entertainment,,PlayStation,Third person,Action,Yes,1342
168,Silent Hill 2,2024,2488,235,2253,89,232,796,0,5484,91,Yes,Puzzle,Konami,Silent Hill,Multi-platform,Third person,Action,No,222341
169,The Elder Scrolls IV: Oblivion,2006,2483,1524,959,83,1526,68,0,3316,94,Yes,Role-playing (RPG),2K Games,The Elder Scrolls,Multi-platform,First person,Action,No,59
170,Battlefield 4,2013,2471,861,1610,78,877,166,0,6555,81,Yes,Shooter,Electronic Arts,Battlefield,Multi-platform,First person,Action,Yes,1979
171,Watch Dogs 2,2016,2466,702,1764,79,720,210,0,7363,79,Yes,Shooter,Ubisoft Entertainment,Watch_Dogs,Multi-platform,Third person,Action,Yes,19441
172,Persona 5,2016,2457,1019,1438,93,1035,125,0,4801,93,Yes,Role-playing (RPG),Atlus,Megami Tensei,PlayStation,Third person,Fantasy,No,9927
173,"Papers, Please",2013,2449,685,1764,82,689,223,0,7246,85,Yes,Point-and-click,3909,,PlayStation,First person,Thriller,No,2935
174,Prey,2006,2440,201,2239,77,205,912,0,10230,80,Yes,Shooter,SkyZone Entertainment,,Xbox,First person,Action,Yes,546
175,Until Dawn,2015,2436,693,1743,80,706,216,0,5876,79,Yes,Adventure,Sony Computer Entertainment,,PlayStation,Third person,Horror,No,7609
176,Super Mario Sunshine,2002,2429,512,1917,86,511,343,0,3878,97,Yes,Platform,Nintendo,Mario Bros.,Nintendo,Third person,Action,No,1075
177,Left 4 Dead,2008,2423,731,1692,83,736,205,0,9226,89,Yes,Shooter,Valve,,Xbox,First person,Action,Yes,122
178,Dead Space 2,2011,2412,1011,1401,88,1018,129,0,6771,87,Yes,Shooter,Electronic Arts,Dead Space,Multi-platform,Third person,Action,Yes,38
179,Bastion,2011,2406,739,1667,86,747,202,0,8746,86,Yes,Role-playing (RPG),WB Games,,Multi-platform,Bird view / Isometric,Action,No,1983
180,Resident Evil 4,2023,2399,566,1833,92,567,283,0,7020,83,Yes,Shooter,Capcom,Resident Evil,Multi-platform,Third person,Action,No,132181
181,Battlefield 3,2011,2398,1033,1365,82,1041,124,0,4983,86,Yes,Shooter,Electronic Arts,Battlefield,Multi-platform,First person,Action,Yes,343
182,Dead Space,2023,2397,201,2196,87,204,913,0,9519,86,Yes,Shooter,Electronic Arts,Dead Space,Multi-platform,Third person,Action,No,159119
183,Final Fantasy VII,1997,2396,1578,818,88,1576,61,0,5224,87,Yes,Role-playing (RPG),Square,Final Fantasy,PlayStation,Third person,Fantasy,No,427
184,Brothers: A Tale of Two Sons,2013,2393,756,1637,82,771,197,0,8435,90,Yes,Puzzle,505 Games,,Multi-platform,Third person,Action,Yes,1334
185,Resident Evil 5,2009,2391,761,1630,76,772,196,0,7680,86,Yes,Shooter,Capcom,Resident Evil,Multi-platform,Third person,Action,Yes,847
186,Dying Light,2015,2387,983,1404,76,997,137,0,5020,74,Yes,Shooter,Techland,Dying Light,Multi-platform,First person,Action,Yes,3042
187,Counter-Strike,2000,2373,727,1646,77,725,209,0,9300,88,Yes,Shooter,Vivendi Universal,Half-Life,PC,First person,Action,Yes,241
188,Wolfenstein II: The New Colossus,2017,2371,604,1767,84,625,254,0,7287,86,Yes,Shooter,Bethesda Softworks,Wolfenstein,Multi-platform,First person,Action,No,36952
189,Batman: Arkham Origins,2013,2368,778,1590,73,795,192,0,8050,74,Yes,Hack and slash/Beat 'em up,WB Games,Batman,Multi-platform,Third person,Action,Yes,2003
190,Disco Elysium,2019,2367,1038,1329,91,1042,123,0,8105,91,Yes,Role-playing (RPG),ZA/UM,,PC,Bird view / Isometric,Thriller,No,26472
191,Assassin's Creed III: Liberation,2012,2366,187,2179,65,193,981,0,7460,80,Yes,Strategy,Ubisoft Entertainment,Assassin's Creed,PlayStation,Third person,Action,No,3195
192,Dead Cells,2018,2331,599,1732,86,610,259,0,7276,88,Yes,Platform,Motion Twin,,Multi-platform,Side view,Action,No,26855
193,Metro Exodus,2019,2318,619,1699,83,632,249,0,8364,81,Yes,Shooter,Deep Silver,Metro,Multi-platform,First person,Action,No,37016
194,Little Nightmares,2017,2314,684,1630,79,697,220,0,11651,81,Yes,Platform,Bandai Namco Entertainment,,Multi-platform,Third person,Action,No,9174
195,Assassin's Creed Syndicate,2015,2309,797,1512,73,816,185,0,6027,74,Yes,Adventure,Ubisoft Entertainment,Assassin's Creed,Multi-platform,Third person,Action,No,8263
196,New Super Mario Bros.,2006,2309,392,1917,88,392,464,0,3878,97,Yes,Platform,Nintendo,Mario Bros.,Nintendo,Side view,Action,Yes,1076
197,Call of Duty: Black Ops II,2012,2304,875,1429,76,887,162,0,6133,74,Yes,Shooter,Activision,Call of Duty,Multi-platform,First person,Action,Yes,1122
198,Hitman: Absolution,2012,2300,652,1648,74,667,233,0,9758,79,Yes,Shooter,Square Enix,Hitman,Multi-platform,Third person,Action,No,530
199,Contra,1987,2296,262,2034,65,261,704,0,9701,84,Yes,Shooter,Konami,Contra,Other,Third person,Action,Yes,4598
200,Overwatch,2016,2295,1147,1148,85,1168,104,0,3527,91,Yes,Shooter,Blizzard Entertainment,Overwatch,Multi-platform,First person,Action,Yes,8173
201,Mad Max,2015,2291,544,1747,74,558,294,0,8816,73,Yes,Racing,Feral Interactive,Mad Max,Multi-platform,Third person,Action,No,2552
202,Baldur's Gate III,2023,2285,1290,995,95,1287,87,0,4631,97,Yes,Role-playing (RPG),Larian Studios,Dungeons & Dragons,Multi-platform,Bird view / Isometric,Action,Yes,119171
203,Shadow of the Colossus,2005,2279,1263,1016,89,1262,92,0,4585,91,Yes,Platform,Sony Computer Entertainment,Ico,PlayStation,Third person,Action,No,2207
204,Shadow of the Tomb Raider,2018,2277,628,1649,79,645,241,0,8385,78,Yes,Shooter,Square Enix,Tomb Raider,Multi-platform,Third person,Action,Yes,37777
205,A Plague Tale: Innocence,2019,2273,747,1526,81,762,199,0,7108,82,Yes,Adventure,Focus Entertainment,,Multi-platform,Third person,Action,No,27316
206,Metro 2033 Redux,2014,2258,338,1920,80,335,533,0,9304,88,Yes,Shooter,Koch Media,Metro,Multi-platform,First person,Action,No,80853
207,A Way Out,2018,2231,621,1610,76,631,250,0,5911,78,Yes,Adventure,Electronic Arts,,Multi-platform,Third person,Action,Yes,36897
208,Super Smash Bros.,1999,2222,457,1765,83,457,383,0,9686,87,Yes,Fighting,Nintendo,Mario Bros.,Nintendo,Side view,Action,Yes,1626
209,Assassin's Creed Chronicles: China,2015,2221,126,2095,70,134,1379,0,7974,81,Yes,Platform,Ubisoft Entertainment,Assassin's Creed,Multi-platform,Side view,Action,No,8223
210,Super Mario Land,1989,2219,302,1917,74,300,599,0,3878,97,Yes,Platform,Nintendo,Mario Bros.,Nintendo,Side view,Action,No,1069
211,Call of Duty: Modern Warfare II,2022,2219,148,2071,76,152,1221,0,7571,86,Yes,Shooter,Activision,Call of Duty,Multi-platform,First person,Action,Yes,200165
212,Rayman Legends,2013,2198,636,1562,83,648,239,0,6686,89,Yes,Platform,Ubisoft Entertainment,Rayman,Multi-platform,Side view,Action,Yes,1968
213,Cities: Skylines,2015,2195,666,1529,78,678,226,0,8645,85,Yes,Simulator,Paradox Interactive,,PC,Bird view / Isometric,Business,No,9066
214,Need for Speed: Most Wanted,2012,2191,424,1767,79,437,400,0,3269,83,Yes,Racing,Electronic Arts,Need for Speed,Multi-platform,First person,Action,Yes,3193
215,Metal Gear Solid V: Ground Zeroes,2014,2191,481,1710,77,497,350,0,9124,80,Yes,Shooter,Konami,Metal Gear Solid,Multi-platform,First person,Action,No,5328
216,Saints Row IV,2013,2187,552,1635,79,565,285,0,8232,86,Yes,Shooter,Deep Silver,,Multi-platform,Third person,Action,Yes,1981
217,Monster Hunter: World,2018,2171,548,1623,89,567,284,0,8824,89,Yes,Role-playing (RPG),Capcom,Monster Hunter,Multi-platform,Third person,Action,Yes,36926
218,Dragon Age: Origins - Awakening,2010,2163,195,1968,84,197,959,0,6918,91,Yes,Role-playing (RPG),Spike,,Multi-platform,Third person,Action,No,77
219,No Man's Sky,2016,2156,581,1575,73,618,256,0,8215,75,Yes,Role-playing (RPG),505 Games,,Multi-platform,First person,Action,Yes,3225
220,Super Mario All-Stars,1993,2154,237,1917,83,237,788,0,3878,97,Yes,Platform,Nintendo,Mario,Nintendo,Side view,Action,Yes,5199
221,Call of Duty: World at War,2008,2152,944,1208,78,945,153,0,4623,83,Yes,Shooter,Activision,Call of Duty,Multi-platform,First person,Action,Yes,625
222,Infamous: Second Son,2014,2142,500,1642,79,515,341,0,6017,80,Yes,Shooter,Sony Computer Entertainment,,PlayStation,Third person,Action,No,1941
223,Alien: Isolation,2014,2139,674,1465,85,690,222,0,8174,81,Yes,Adventure,Feral Interactive,Alien,Multi-platform,First person,Action,No,4754
224,XCOM: Enemy Unknown,2012,2129,545,1584,86,557,295,0,8515,89,Yes,Role-playing (RPG),2K Games,X-COM,Multi-platform,Bird view / Isometric,Action,Yes,1318
225,The Last of Us Part II Remastered,2024,2124,146,1978,90,154,1207,0,7386,93,Yes,Shooter,Sony Interactive Entertainment,The Last of Us,PlayStation,Third person,Action,No,277143
226,Super Mario 64 DS,2004,2123,206,1917,83,209,888,0,3878,97,Yes,Platform,Nintendo,Mario,Nintendo,Third person,Action,Yes,22301
227,Super Mario Maker,2015,2116,199,1917,85,210,884,0,3878,97,Yes,Platform,Nintendo,Mario,Nintendo,Side view,Action,No,7339
228,Super Mario Bros. Wonder,2023,2113,196,1917,91,203,918,0,3878,97,Yes,Platform,Nintendo,Mario,Nintendo,Side view,Action,Yes,254339
229,Doom Eternal,2020,2112,691,1421,86,704,218,0,7966,86,Yes,Shooter,Bethesda Softworks,Doom,Multi-platform,First person,Action,Yes,103298
230,Path of Exile,2013,2112,474,1638,80,472,370,0,10634,86,Yes,Role-playing (RPG),Grinding Gear Games,,Multi-platform,Bird view / Isometric,Action,Yes,1911
231,The Outer Worlds,2019,2103,618,1485,82,630,252,0,6371,80,Yes,Shooter,Private Division,,Multi-platform,First person,Action,No,113114
232,Ghost of Tsushima,2020,2098,967,1131,90,977,142,0,6019,83,Yes,Role-playing (RPG),Sony Interactive Entertainment,,PlayStation,Third person,Action,No,75235
233,Divinity: Original Sin II,2017,2085,424,1661,89,436,401,0,7215,95,Yes,Role-playing (RPG),Larian Studios,,Multi-platform,Bird view / Isometric,Fantasy,Yes,11800
234,Soma,2015,2076,637,1439,82,651,238,0,7412,84,Yes,Puzzle,Frictional Games,,Multi-platform,First person,Action,No,9727
235,Super Mario Party,2018,2070,153,1917,70,164,1160,0,3878,97,Yes,Card & Board Game,Nintendo,Mario,Nintendo,Bird view / Isometric,Comedy,Yes,103339
236,Uncharted 3: Drake's Deception Remastered,2015,2070,125,1945,83,124,1481,0,6492,92,Yes,Shooter,Sony Computer Entertainment,Uncharted,PlayStation,Third person,Action,No,41876
237,SuperHot,2016,2065,526,1539,81,544,302,0,6551,82,Yes,Shooter,SUPERHOT Team,,Multi-platform,First person,Action,No,7205
238,Metro Redux,2014,2065,145,1920,83,155,1205,0,9304,88,Yes,Shooter,Deep Silver,,Multi-platform,First person,Action,No,6880
239,Star Wars: Battlefront II,2005,2058,692,1366,80,695,221,0,5921,74,Yes,Shooter,LucasArts,Star Wars,Multi-platform,First person,Action,Yes,142
240,Call of Duty: Black Ops III,2015,2058,560,1498,72,575,277,0,7250,73,Yes,Shooter,Activision,Call of Duty,Multi-platform,First person,Action,Yes,9509
241,Forza Horizon 4,2018,2056,407,1649,86,420,424,0,6317,90,Yes,Racing,Xbox Game Studios,Forza,Xbox,First person,Action,Yes,82090
242,Devil May Cry 5,2019,2055,518,1537,87,531,318,0,6692,88,Yes,Hack and slash/Beat 'em up,Capcom,Devil May Cry,Multi-platform,Third person,Action,Yes,76253
243,Counter-Strike: Source,2004,2043,520,1523,84,519,336,0,9535,88,Yes,Shooter,Valve,,PC,First person,Action,Yes,307
244,Garry's Mod,2004,2038,435,1603,79,434,404,0,10430,,Yes,Simulator,Valve,,PC,First person,Sandbox,Yes,3278
245,DmC: Devil May Cry,2013,2037,478,1559,79,489,354,0,6837,85,Yes,Puzzle,Capcom,Devil May Cry,Multi-platform,Third person,Action,No,1254
246,Super Mario Run,2016,2037,120,1917,68,129,1428,0,3878,97,Yes,Platform,Nintendo,Mario,Other,Side view,Action,No,23796
247,Subnautica,2018,2019,550,1469,84,556,296,0,7110,83,Yes,Adventure,Gearbox Publishing,,Multi-platform,First person,Science fiction,No,9254
248,Resident Evil 4,2011,2014,181,1833,86,200,935,0,7020,83,Yes,Shooter,Capcom,Resident Evil,Multi-platform,Third person,Action,No,20065
249,Sid Meier's Civilization VI,2016,2007,588,1419,84,607,261,0,7464,88,Yes,Simulator,Aspyr Media,Sid Meier,Multi-platform,Bird view / Isometric,Fantasy,Yes,19130
250,Fallout 2,1998,2004,852,1152,89,848,174,0,5640,86,Yes,Puzzle,Interplay Entertainment,Fallout,PC,Bird view / Isometric,Science fiction,No,14
251,Need for Speed: Porsche Unleashed,2000,1990,223,1767,82,222,836,0,3269,83,Yes,Racing,Electronic Arts,Need for Speed,PlayStation,First person,Action,Yes,94
252,Final Fantasy XV,2016,1987,563,1424,79,588,270,0,5833,82,Yes,Role-playing (RPG),Square Enix,Final Fantasy,Multi-platform,Third person,Action,Yes,359
253,Just Cause 3,2015,1983,403,1580,76,422,420,0,9372,74,Yes,Adventure,Square Enix,,Multi-platform,Third person,Action,No,8187
254,Call of Duty 2,2005,1982,1033,949,84,1031,126,0,2833,86,Yes,Shooter,Activision,Call of Duty,Xbox,First person,Action,Yes,622
255,Minecraft: Java Edition,2011,1974,1974,0,85,1984,31,0,0,,No,Simulator,Mojang Studios,Minecraft,PC,First person,Fantasy,Yes,121
256,God of War II,2007,1972,1014,958,89,1015,130,0,2773,93,Yes,Platform,Capcom,God of War,PlayStation,Third person,Action,No,551
257,Dark Souls: Remastered,2018,1970,515,1455,87,528,327,0,5667,84,Yes,Role-playing (RPG),Bandai Namco Entertainment,Dark Souls,Multi-platform,Third person,Action,Yes,81085
258,Sleeping Dogs,2012,1961,640,1321,82,654,237,0,6187,81,Yes,Shooter,Bandai Namco Entertainment,,Multi-platform,Third person,Action,No,1267
259,Days Gone,2019,1946,560,1386,77,573,280,0,6607,74,Yes,Shooter,Sony Interactive Entertainment,,PlayStation,Third person,Action,No,19561
260,Metro: Last Light Redux,2014,1946,251,1695,80,249,738,0,9349,76,Yes,Shooter,Koch Media,Metro,Multi-platform,First person,Action,No,50199
261,Uncharted 2: Among Thieves Remastered,2015,1943,151,1792,86,150,1236,0,4078,96,Yes,Shooter,Sony Computer Entertainment,Uncharted,PlayStation,Third person,Action,No,41877
262,Transistor,2014,1939,469,1470,84,481,359,0,7829,83,Yes,Role-playing (RPG),Supergiant Games,,Multi-platform,Bird view / Isometric,Action,No,3022
263,For Honor,2017,1938,260,1678,74,281,643,0,9674,76,Yes,Fighting,Ubisoft Entertainment,,Multi-platform,Third person,Action,Yes,11162
264,Devil May Cry,2001,1921,362,1559,83,366,493,0,6837,85,Yes,Hack and slash/Beat 'em up,Capcom,Devil May Cry,PlayStation,Third person,Action,No,134
265,Fallout Shelter,2015,1918,385,1533,66,394,456,0,7102,63,Yes,Role-playing (RPG),Bethesda Softworks,Fallout,Multi-platform,Side view,Science fiction,No,11119
266,Ratchet & Clank,2016,1911,452,1459,82,468,372,0,6062,85,Yes,Shooter,Sony Interactive Entertainment,Ratchet & Clank,PlayStation,Third person,Action,No,11065
267,Stray,2022,1897,652,1245,83,655,236,0,5697,82,Yes,Platform,Annapurna Interactive,,Multi-platform,Third person,Action,No,110248
268,Star Wars Battlefront II,2017,1895,529,1366,71,545,300,0,5921,74,Yes,Shooter,Electronic Arts,Star Wars,Multi-platform,First person,Action,Yes,26401
269,Crysis,2007,1887,770,1117,83,771,198,0,4730,91,Yes,Shooter,Electronic Arts,Crysis,Multi-platform,First person,Action,Yes,296
270,Dead Island,2011,1883,523,1360,71,530,323,0,7130,74,Yes,Shooter,Deep Silver,,Multi-platform,First person,Action,Yes,536
271,Kingdom Come: Deliverance,2018,1875,423,1452,76,431,409,0,7459,71,Yes,Role-playing (RPG),Deep Silver,,Multi-platform,First person,Action,No,4843
272,Among Us,2018,1870,536,1334,77,534,317,0,7930,82,Yes,Strategy,Innersloth,,Multi-platform,Bird view / Isometric,Action,Yes,111469
273,The Elder Scrolls III: Morrowind,2002,1866,820,1046,75,822,181,0,5011,89,Yes,Role-playing (RPG),ZeniMax Media,The Elder Scrolls,Xbox,First person,Action,No,56
274,Ori and the Will of the Wisps,2020,1839,540,1299,89,550,298,0,6444,91,Yes,Platform,Xbox Game Studios,,Multi-platform,Side view,Action,No,37001
275,Doom,2016,1830,1830,0,86,1853,35,0,0,,No,Shooter,Bethesda Softworks,Doom,Multi-platform,First person,Action,Yes,7351
276,Just Cause 2,2010,1827,461,1366,81,464,376,0,8932,84,Yes,Shooter,Eidos Interactive,,Multi-platform,Third person,Action,No,558
277,God of War III,2010,1825,777,1048,91,783,195,0,4208,81,Yes,Hack and slash/Beat 'em up,Sony Computer Entertainment,God of War,PlayStation,Third person,Action,No,499
278,Mafia III,2016,1825,456,1369,67,479,365,0,6566,62,Yes,Shooter,2K Games,,Multi-platform,Third person,Action,No,11492
279,Middle-earth: Shadow of War,2017,1824,446,1378,82,464,374,0,8746,82,Yes,Role-playing (RPG),WB Games,The Lord of the Rings,Multi-platform,Third person,Action,No,27421
280,S.T.A.L.K.E.R.: Shadow of Chernobyl,2007,1801,450,1351,81,450,390,0,5946,82,Yes,Shooter,THQ,S.T.A.L.K.E.R.,Multi-platform,First person,Action,Yes,320
281,Call of Duty: Modern Warfare III,2023,1801,159,1642,61,166,1148,0,6362,85,Yes,Shooter,Activision,Call of Duty,Multi-platform,First person,Action,Yes,260780
282,Resident Evil 6,2012,1799,522,1277,64,530,321,0,6422,67,Yes,Shooter,Capcom,Resident Evil,Multi-platform,Third person,Action,Yes,1082
283,Doki Doki Literature Club!,2017,1799,506,1293,88,506,345,0,5875,78,Yes,Adventure,Team Salvato,,PC,Text,Horror,No,55935
284,Valiant Hearts: The Great War,2014,1780,419,1361,79,427,417,0,4753,80,Yes,Platform,Ubisoft Entertainment,,Multi-platform,Side view,Historical,No,7327
285,Darkest Dungeon,2016,1779,426,1353,82,434,403,0,7010,84,Yes,Role-playing (RPG),Red Hook Studios,,Multi-platform,Side view,Fantasy,No,8965
286,The Witness,2016,1778,499,1279,85,511,342,0,6387,87,Yes,Puzzle,"Thekla, Inc",,Multi-platform,First person,Science fiction,No,5601
287,Uncharted: The Lost Legacy,2017,1776,508,1268,85,529,324,0,4141,85,Yes,Shooter,Sony Interactive Entertainment,Uncharted,PlayStation,Third person,Action,Yes,26193
288,Borderlands: The Pre-Sequel,2014,1773,391,1382,74,404,443,0,9305,75,Yes,Shooter,Aspyr Media,Borderlands,Multi-platform,First person,Action,Yes,6032
289,The Sims 4,2014,1772,619,1153,70,633,248,0,6547,67,Yes,Role-playing (RPG),Electronic Arts,The Sims,Multi-platform,First person,Action,No,3212
290,Metal Gear Rising: Revengeance,2013,1768,520,1248,82,535,316,0,6078,83,Yes,Shooter,Konami,Metal Gear,Multi-platform,Third person,Action,No,378
291,Hotline Miami 2: Wrong Number,2015,1767,440,1327,75,451,388,0,6438,72,Yes,Shooter,Devolver Digital,,Multi-platform,Bird view / Isometric,Action,No,2126
292,Metro: Last Light,2013,1762,699,1063,81,710,213,0,4346,81,Yes,Shooter,Deep Silver,Metro,Multi-platform,First person,Action,No,539
293,Injustice: Gods Among Us,2013,1756,333,1423,76,342,522,0,9859,80,Yes,Fighting,WB Games,DC Comics,Multi-platform,Side view,Action,Yes,1918
294,Call of Duty: WWII,2017,1751,576,1175,75,590,268,0,6474,77,Yes,Shooter,Activision,Call of Duty,Multi-platform,First person,Action,Yes,28204
295,Amnesia: The Dark Descent,2010,1751,519,1232,83,520,334,0,10428,85,Yes,Puzzle,Frictional Games,,Multi-platform,First person,Action,No,111
296,Ratchet & Clank: Rift Apart,2021,1749,290,1459,88,303,592,0,6062,85,Yes,Shooter,Sony Interactive Entertainment,Ratchet & Clank,PlayStation,Third person,Action,No,134582
297,Ratchet & Clank,2002,1746,287,1459,81,285,633,0,6062,85,Yes,Shooter,Sony Computer Entertainment,Ratchet & Clank,PlayStation,Third person,Action,No,1289
298,Call of Duty,2003,1745,813,932,84,814,186,0,3609,91,Yes,Shooter,Aspyr Media,Call of Duty,PC,First person,Action,Yes,621
299,Monster Hunter Rise,2021,1737,114,1623,85,131,1405,0,8824,89,Yes,Role-playing (RPG),Capcom,Monster Hunter,Multi-platform,Third person,Action,Yes,138950
300,Tom Clancy's The Division,2016,1732,389,1343,77,411,436,0,6117,80,Yes,Shooter,Ubisoft Entertainment,Tom Clancy’s,Multi-platform,Third person,Action,Yes,2114
301,Life is Strange: Before the Storm,2017,1722,474,1248,76,479,364,0,4445,77,Yes,Adventure,Square Enix,Life is Strange,Multi-platform,Third person,Action,No,29004
302,Star Wars: Knights of the Old Republic II - The Sith Lords,2004,1719,793,926,86,798,191,0,5651,85,Yes,Role-playing (RPG),LucasArts,Star Wars,Multi-platform,First person,Action,No,118
303,XCOM: Enemy Within,2013,1715,131,1584,87,137,1351,0,8515,89,Yes,Strategy,Feral Interactive,X-COM,PC,Bird view / Isometric,Action,Yes,5894
304,XCOM 2,2016,1710,400,1310,84,429,413,0,7671,88,Yes,Role-playing (RPG),2K Games,X-COM,Multi-platform,Bird view / Isometric,Science fiction,Yes,10919
305,Bayonetta,2009,1706,547,1159,86,559,293,0,6168,90,Yes,Shooter,Sega,Bayonetta,Multi-platform,Third person,Action,No,2136
306,Quantum Break,2016,1699,360,1339,76,382,477,0,6808,66,Yes,Shooter,Microsoft Studios,,Xbox,Third person,Action,No,3750
307,Genshin Impact,2020,1698,599,1099,81,602,263,0,4021,83,Yes,Role-playing (RPG),HoYoverse,Genshin Impact,Multi-platform,Third person,Action,Yes,119277
308,The Binding of Isaac: Rebirth,2014,1694,529,1165,91,529,325,0,5750,86,Yes,Shooter,"Nicalis, Inc.",,Multi-platform,Bird view / Isometric,Action,Yes,7789
309,The Walking Dead,2012,1687,1687,0,85,1690,50,0,0,,No,Point-and-click,Sony Computer Entertainment,The Walking Dead,Multi-platform,Third person,Action,No,1871
310,Overcooked!,2016,1687,337,1350,82,345,515,0,5960,81,Yes,Simulator,Team17,,Multi-platform,Bird view / Isometric,Action,Yes,18433
311,Paladins,2017,1684,266,1418,75,271,672,0,8696,78,Yes,Shooter,Hi-Rez Studios,,Multi-platform,First person,Action,Yes,11544
312,Mass Effect: Andromeda,2017,1683,517,1166,72,540,307,0,4011,73,Yes,Shooter,Electronic Arts,Mass Effect,Multi-platform,Third person,Action,Yes,7349
313,Prince of Persia: The Sands of Time,2003,1675,738,937,83,743,204,0,3498,89,Yes,Platform,Ubisoft Entertainment,Prince of Persia,Multi-platform,Third person,Action,No,836
314,Broforce,2015,1670,355,1315,74,362,498,0,6381,83,Yes,Shooter,Devolver Digital,,Multi-platform,Side view,Action,Yes,5973
315,Tom Clancy's Rainbow Six: Vegas,2006,1666,151,1515,81,155,1206,0,8211,75,Yes,Shooter,Ubisoft Entertainment,Tom Clancy’s,Multi-platform,First person,Action,Yes,909
316,BioShock Remastered,2016,1663,244,1419,83,241,773,0,10909,,Yes,Shooter,2K Games,Bioshock,Multi-platform,First person,Action,No,34293
317,Darksiders,2010,1654,443,1211,80,450,389,0,8056,83,Yes,Role-playing (RPG),THQ,Darksiders,Multi-platform,Third person,Action,No,1270
318,Super Mario Bros. 3,1988,1649,1649,0,89,1643,55,0,0,,No,Platform,Nintendo,Mario Bros.,Nintendo,Side view,Action,Yes,1068
319,Don't Starve Together,2016,1641,247,1394,76,243,764,0,9952,83,Yes,Simulator,Klei Entertainment,,Nintendo,Bird view / Isometric,Action,Yes,17832
320,Dark Souls II: Scholar of the First Sin,2015,1637,420,1217,85,429,414,0,6200,79,Yes,Role-playing (RPG),Bandai Namco Entertainment,Dark Souls,Multi-platform,Third person,Action,Yes,8222
321,Metal Gear Solid,1998,1627,1627,0,85,1625,57,0,0,,No,Shooter,Konami,Metal Gear,Multi-platform,Third person,Action,No,375
322,Outer Wilds,2019,1627,748,879,87,748,201,0,4935,84,Yes,Puzzle,Annapurna Interactive,,Multi-platform,First person,Action,No,11737
323,This War of Mine,2014,1627,382,1245,81,387,467,0,7361,83,Yes,Simulator,11 bit studios,,Multi-platform,Side view,Action,No,7706
324,Diablo III,2012,1619,911,708,81,922,159,0,3318,78,Yes,Role-playing (RPG),Square Enix,Diablo,Multi-platform,Bird view / Isometric,Action,Yes,120
325,Fez,2012,1618,444,1174,83,456,384,0,7033,91,Yes,Platform,Microsoft Studios,,Multi-platform,Side view,Fantasy,No,1991
326,Yakuza 0,2015,1610,477,1133,86,495,351,0,6660,85,Yes,Role-playing (RPG),Sega Corporation,Yakuza: Like a Dragon,Multi-platform,Third person,Action,Yes,11397
327,Uncharted: Drake's Fortune Remastered,2015,1607,134,1473,74,134,1378,0,3879,88,Yes,Shooter,Sony Computer Entertainment,Uncharted,PlayStation,Third person,Action,No,41878
328,Thief,2014,1606,329,1277,67,343,521,0,7345,70,Yes,Shooter,Square Enix,,Multi-platform,First person,Action,No,4
329,The Binding of Isaac,2011,1599,411,1188,82,412,435,0,6875,84,Yes,Shooter,Edmund McMillen,,PC,Bird view / Isometric,Action,No,2132
330,Gris,2018,1594,520,1074,81,527,329,0,4989,83,Yes,Platform,Devolver Digital,,Multi-platform,Side view,Action,No,22917
331,Black Mesa,2020,1594,522,1072,88,525,330,0,6088,86,Yes,Shooter,Crowbar Collective,Half-Life,PC,First person,Action,Yes,6739
332,Braid,2008,1593,593,1000,86,596,267,0,5468,92,Yes,Platform,Number None Inc.,,Multi-platform,Side view,Fantasy,No,2853
333,Age of Empires II: The Age of Kings,1999,1591,1002,589,83,1003,134,0,3847,68,Yes,Real Time Strategy (RTS),Konami,,PlayStation,Bird view / Isometric,Historical,Yes,327
334,F.E.A.R.,2005,1590,556,1034,81,561,292,0,5451,88,Yes,Shooter,Sierra Entertainment,,PC,First person,Action,Yes,517
335,The Evil Within,2014,1589,426,1163,75,441,396,0,5633,68,Yes,Shooter,Bethesda Softworks,,Multi-platform,Third person,Action,No,4786
336,To the Moon,2011,1585,447,1138,82,454,385,0,6162,81,Yes,Point-and-click,X.D. Network Inc.,,Multi-platform,Bird view / Isometric,Science fiction,No,5025
337,Halo 3,2007,1583,804,779,88,805,189,0,3106,91,Yes,Shooter,Microsoft Game Studios,Halo,Xbox,First person,Action,Yes,987
338,Resident Evil 3,2020,1579,522,1057,80,527,328,0,5325,80,Yes,Shooter,Capcom,Resident Evil,Multi-platform,Third person,Action,Yes,115115
339,Hitman: Blood Money,2006,1575,534,1041,82,536,315,0,5855,82,Yes,Shooter,Eidos Interactive,Hitman,Multi-platform,First person,Action,No,1048
340,Far Cry 2,2008,1573,539,1034,79,540,309,0,5175,85,Yes,Shooter,Ubisoft Entertainment,,Multi-platform,First person,Action,Yes,361
341,Star Wars Battlefront,2015,1570,425,1145,68,443,395,0,4977,73,Yes,Shooter,Electronic Arts,Star Wars,Multi-platform,First person,Action,Yes,2113
342,Dead Rising,2006,1569,209,1360,79,213,874,0,7130,74,Yes,Hack and slash/Beat 'em up,Capcom,,Multi-platform,Third person,Action,No,4797
343,Slay the Spire,2019,1563,489,1074,89,490,352,0,5250,86,Yes,Role-playing (RPG),Humble Games,,Multi-platform,Side view,Fantasy,No,40477
344,Warcraft III: Reign of Chaos,2002,1558,1558,0,91,1556,66,0,0,,No,Real Time Strategy (RTS),Sierra Entertainment,Warcraft,PC,Bird view / Isometric,Fantasy,Yes,132
345,Wolfenstein: The Old Blood,2015,1557,420,1137,77,434,402,0,5702,76,Yes,Shooter,Bethesda Softworks,Wolfenstein,Multi-platform,First person,Action,No,9192
346,Dark Souls II,2014,1556,809,747,85,826,179,0,2969,91,Yes,Role-playing (RPG),FromSoftware,Dark Souls,Multi-platform,Third person,Action,Yes,2368
347,Abzu,2016,1550,452,1098,79,478,366,0,5151,83,Yes,Puzzle,505 Games,,Multi-platform,Third person,Action,No,7352
348,Battlefield: Bad Company 2,2010,1542,629,913,84,634,247,0,4260,87,Yes,Shooter,Electronic Arts,Battlefield,Multi-platform,First person,Action,Yes,352
349,Mafia: Definitive Edition,2020,1541,433,1108,77,443,394,0,5327,78,Yes,Shooter,2K Games,,Multi-platform,Third person,Action,No,134070
350,Overwatch,2023,1540,392,1148,76,392,462,0,3527,91,Yes,Shooter,Blizzard Entertainment,Overwatch,Multi-platform,First person,Action,Yes,125174
351,Call of Duty: Ghosts,2013,1538,690,848,69,710,212,0,3360,68,Yes,Shooter,Activision,Call of Duty,Multi-platform,First person,Action,Yes,2033
352,Castle Crashers,2008,1538,322,1216,78,325,546,0,7005,84,Yes,Role-playing (RPG),The Behemoth,,Multi-platform,Side view,Action,Yes,3153
353,Destiny,2014,1529,467,1062,75,484,356,0,5077,76,Yes,Shooter,Activision,,Multi-platform,First person,Action,Yes,1939
354,Hitman 2,2018,1520,297,1223,82,308,579,0,8078,83,Yes,Shooter,WB Games,Hitman,Multi-platform,First person,Action,Yes,103210
355,Dragon Age II,2011,1517,667,850,75,674,232,0,3014,81,Yes,Role-playing (RPG),Electronic Arts,Dragon Age,Multi-platform,Third person,Action,No,78
356,Resident Evil Village,2021,1513,488,1025,85,498,349,0,5071,83,Yes,Shooter,Capcom,Resident Evil,Multi-platform,First person,Action,No,55163
357,Far Cry 3: Blood Dragon,2013,1507,382,1125,81,394,458,0,5397,81,Yes,Shooter,Ubisoft Entertainment,,Multi-platform,First person,Action,No,2001
358,Borderlands 3,2019,1504,535,969,79,546,299,0,6233,83,Yes,Shooter,2K Games,Borderlands,Multi-platform,First person,Action,Yes,19164
359,Diablo II,2000,1500,1500,0,89,1494,70,0,0,,No,Role-playing (RPG),Blizzard Entertainment,Diablo,PC,Bird view / Isometric,Action,Yes,126
360,Don't Starve,2013,1500,373,1127,77,380,480,0,6941,79,Yes,Simulator,Klei Entertainment,,Multi-platform,Bird view / Isometric,Action,No,3152
361,Vampire: The Masquerade - Bloodlines,2004,1497,598,899,79,599,265,0,3576,80,Yes,Role-playing (RPG),Activision,World of Darkness,PC,First person,Action,No,11
362,Resident Evil 3: Nemesis,1999,1486,429,1057,81,429,416,0,5325,80,Yes,Shooter,Eidos Interactive,Resident Evil,Multi-platform,Third person,Action,No,966
363,Hogwarts Legacy,2023,1484,579,905,82,582,273,0,3723,,Yes,Role-playing (RPG),Portkey Games,Harry Potter,Multi-platform,Third person,Action,No,136625
364,Star Wars: Battlefront,2004,1484,339,1145,77,343,520,0,4977,73,Yes,Shooter,Aspyr Media,Star Wars,Multi-platform,First person,Action,Yes,141
365,Goat Simulator,2014,1483,288,1195,53,299,602,0,6522,62,Yes,Simulator,Coffee Stain Studios,,Multi-platform,Third person,Action,Yes,5335
366,Dark Souls: Prepare to Die Edition,2012,1478,218,1260,87,221,838,0,5841,85,Yes,Role-playing (RPG),FromSoftware,Dark Souls,Multi-platform,Third person,Action,Yes,21040
367,Plants vs. Zombies,2009,1471,626,845,82,634,246,0,2555,86,Yes,Puzzle,Electronic Arts,Plants vs. Zombies,Multi-platform,Side view,Action,Yes,1277
368,Crash Bandicoot,1996,1462,678,784,78,676,229,0,2838,,Yes,Platform,Sony Computer Entertainment,Crash Bandicoot,PlayStation,Third person,Action,No,1185
369,Silent Hill 3,2003,1458,401,1057,86,402,447,0,5325,80,Yes,Puzzle,Konami,Silent Hill,PlayStation,Third person,Action,No,482
370,Call of Duty: Advanced Warfare,2014,1457,591,866,76,610,260,0,3511,78,Yes,Shooter,Activision,Call of Duty,Multi-platform,First person,Action,Yes,6632
371,Marvel's Spider-Man: Miles Morales,2020,1457,515,942,84,530,320,0,4352,86,Yes,Hack and slash/Beat 'em up,Sony Interactive Entertainment,Spider-Man,PlayStation,Third person,Action,No,134581
372,Katana Zero,2019,1455,321,1134,82,327,542,0,4337,83,Yes,Platform,Devolver Digital,,Multi-platform,Side view,Action,No,20150
373,Prototype,2009,1453,391,1062,76,398,452,0,4019,79,Yes,Platform,Activision,,Multi-platform,Third person,Action,No,570
374,Frostpunk,2018,1448,390,1058,85,396,453,0,6126,85,Yes,Simulator,11 bit studios,,Multi-platform,Bird view / Isometric,Survival,No,23248
375,Mortal Kombat 11,2019,1445,306,1139,81,317,559,0,5727,82,Yes,Fighting,WB Games,Mortal Kombat,Multi-platform,Side view,Action,Yes,112916
376,Halo: Reach,2010,1422,642,780,87,647,240,0,3050,91,Yes,Shooter,Microsoft Game Studios,Halo,Xbox,First person,Action,Yes,990
377,Gone Home,2013,1415,531,884,74,543,305,0,4401,86,Yes,Puzzle,Midnight City,,Multi-platform,First person,Action,No,1906
378,Mafia,2002,1413,1413,0,75,1408,78,0,0,,No,Fighting,Gathering of Developers,,Multi-platform,Third person,Action,No,39
379,FlatOut,2004,1404,184,1220,77,185,1037,0,8495,,Yes,Racing,Konami,,Multi-platform,Third person,Action,Yes,2667
380,The Sims 3,2009,1397,613,784,81,618,257,0,2673,86,Yes,Role-playing (RPG),Electronic Arts,The Sims,PC,Bird view / Isometric,Fantasy,No,260
381,Far Cry,2004,1397,527,870,83,524,331,0,3609,89,Yes,Shooter,Ubisoft Entertainment,,PC,First person,Action,Yes,306
382,EarthBound,1994,1396,544,852,91,543,304,0,5477,81,Yes,Role-playing (RPG),Nintendo,Earthbound,Nintendo,First person,Action,No,2899
383,Battlefield V,2018,1394,387,1007,74,403,445,0,4959,77,Yes,Shooter,Electronic Arts,Battlefield,Multi-platform,First person,Action,Yes,83728
384,Enter the Gungeon,2016,1394,324,1070,80,336,530,0,5407,84,Yes,Shooter,Devolver Digital,,Multi-platform,Bird view / Isometric,Action,Yes,11182
385,Psychonauts,2005,1383,399,984,84,405,442,0,8320,87,Yes,Platform,THQ,,Multi-platform,Third person,Action,No,1339
386,Halo: The Master Chief Collection,2014,1380,285,1095,86,301,595,0,6938,85,Yes,Shooter,Xbox Game Studios,Halo,Xbox,First person,Action,Yes,7348
387,Call of Duty: Modern Warfare Remastered,2016,1378,241,1137,83,249,739,0,4635,86,Yes,Shooter,Activision,Call of Duty,Multi-platform,First person,Action,Yes,24920
388,Torchlight II,2012,1377,306,1071,82,319,555,0,6545,88,Yes,Role-playing (RPG),Runic Games,,Multi-platform,Bird view / Isometric,Action,Yes,1337
389,Brawlhalla,2017,1376,265,1111,70,263,696,0,8280,,Yes,Fighting,Ubisoft Entertainment,,Multi-platform,Side view,Action,Yes,10233
390,Shadow of the Colossus,2018,1375,359,1016,89,371,485,0,4585,91,Yes,Platform,Sony Interactive Entertainment,Ico,PlayStation,Third person,Action,No,37094
391,FTL: Faster Than Light,2012,1375,412,963,86,417,428,0,6382,84,Yes,Role-playing (RPG),Subset Games,,PC,Bird view / Isometric,Science fiction,No,3075
392,Layers of Fear,2016,1375,255,1120,74,272,664,0,7755,72,Yes,Puzzle,Bloober Team,,Multi-platform,First person,Horror,No,12482
393,Dead by Daylight,2016,1373,384,989,69,393,460,0,6008,72,Yes,Strategy,Behaviour Interactive,,Multi-platform,First person,Action,Yes,18866
394,Prince of Persia: Warrior Within,2004,1361,513,848,81,518,338,0,3192,83,Yes,Platform,Ubisoft Entertainment,Prince of Persia,Multi-platform,Third person,Action,No,837
395,Need for Speed: Underground,2003,1360,802,558,80,800,190,0,3891,73,Yes,Racing,Electronic Arts,Need for Speed,Multi-platform,First person,Unknown,Yes,96
396,Gears of War,2006,1360,530,830,83,530,322,0,3325,90,Yes,Shooter,Microsoft Game Studios,Gears of War,Xbox,Third person,Action,Yes,547
397,Call of Duty: Warzone,2020,1357,182,1175,79,185,1033,0,6474,77,Yes,Shooter,Activision,Call of Duty,Multi-platform,First person,Unknown,Yes,131800
398,Postal 2,2003,1355,282,1073,66,286,628,0,6322,59,Yes,Shooter,Whiptail Interactive,,PC,First person,Action,No,3109
399,The Darkness II,2012,1351,237,1114,77,248,745,0,8132,77,Yes,Shooter,2K Games,,Multi-platform,First person,Action,Yes,544
400,Brütal Legend,2009,1339,246,1093,77,252,732,0,8419,80,Yes,Music,Electronic Arts,,Multi-platform,Third person,Action,Yes,212
401,Oxenfree,2016,1334,410,924,77,424,418,0,5165,80,Yes,Role-playing (RPG),Night School Studio,,Multi-platform,Side view,Fantasy,No,14587
402,Assassin's Creed Rogue,2014,1331,550,781,72,562,289,0,3189,74,Yes,Role-playing (RPG),Ubisoft Entertainment,Assassin's Creed,Multi-platform,Third person,Action,Yes,7570
403,Machinarium,2009,1329,412,917,85,414,433,0,4769,85,Yes,Point-and-click,Amanita Design,,Multi-platform,Side view,Fantasy,No,2990
404,Call of Duty: Mobile,2019,1329,154,1175,74,154,1208,0,6474,77,Yes,Shooter,Tencent Games,Call of Duty,Other,First person,Action,Yes,106805
405,Game of Thrones: A Telltale Games Series,2014,1327,350,977,73,401,448,0,5288,66,Yes,Point-and-click,HBO,Game of Thrones,Multi-platform,Third person,Fantasy,No,7610
406,Half-Life 2: Lost Coast,2005,1323,152,1171,67,151,1228,0,11686,,Yes,Shooter,Valve,Half-Life,PC,First person,Action,No,10395
407,Sea of Thieves,2018,1316,262,1054,69,272,665,0,5604,68,Yes,Simulator,Xbox Game Studios,,Multi-platform,First person,Action,Yes,11137
408,Child of Light,2014,1314,355,959,85,369,489,0,5142,77,Yes,Platform,Ubisoft Entertainment,,Multi-platform,Side view,Fantasy,Yes,4756
409,Far Cry: Primal,2016,1306,449,857,74,464,375,0,3809,74,Yes,Shooter,Ubisoft Entertainment,Far Cry,Multi-platform,First person,Action,No,13182
410,Magicka,2011,1294,201,1093,71,203,922,0,7186,74,Yes,Role-playing (RPG),Paradox Interactive,,PC,Bird view / Isometric,Action,Yes,2042
411,Euro Truck Simulator 2,2012,1292,385,907,83,385,472,0,6373,79,Yes,Racing,SCS Software,,Multi-platform,First person,Business,Yes,3070
412,Wolfenstein: Youngblood,2019,1292,155,1137,66,167,1141,0,5702,76,Yes,Shooter,Bethesda Softworks,Wolfenstein,Multi-platform,First person,Action,Yes,103301
413,Crash Bandicoot: Warped,1998,1291,507,784,84,505,347,0,2838,,Yes,Platform,Universal Interactive Studios,Crash Bandicoot,PlayStation,Third person,Action,No,1187
414,Ryse: Son of Rome,2013,1291,314,977,68,327,543,0,5691,61,Yes,Hack and slash/Beat 'em up,Deep Silver,,Xbox,Third person,Action,Yes,3812
415,Final Fantasy VII Remake,2020,1290,472,818,89,482,358,0,5224,87,Yes,Role-playing (RPG),Square Enix,Final Fantasy,Multi-platform,Third person,Action,No,11169
416,The Talos Principle,2014,1285,442,843,87,452,386,0,4993,85,Yes,Puzzle,Devolver Digital,,Multi-platform,First person,Action,No,7386
417,The Forest,2018,1285,357,928,78,359,499,0,6363,,Yes,Puzzle,Endnight Games Ltd,,PlayStation,First person,Action,Yes,7504
418,Unturned,2017,1284,169,1115,67,167,1143,0,8544,,Yes,Shooter,Smartly Dressed Games,,Multi-platform,First person,Action,Yes,7878
419,Chrono Trigger,1995,1271,1271,0,92,1269,90,0,0,,No,Role-playing (RPG),Square,Chrono,Nintendo,Bird view / Isometric,Fantasy,No,1802
420,Darksiders II,2012,1264,292,972,81,308,581,0,5331,83,Yes,Role-playing (RPG),Spike Chunsoft,Darksiders,Multi-platform,Third person,Action,No,1269
421,Spore,2008,1263,387,876,77,392,463,0,3604,84,Yes,Real Time Strategy (RTS),Electronic Arts,,PC,Third person,Action,No,1876
422,Diablo III: Reaper of Souls,2014,1263,353,910,85,364,494,0,3004,87,Yes,Role-playing (RPG),Blizzard Entertainment,Diablo,Multi-platform,Bird view / Isometric,Action,Yes,3182
423,Human: Fall Flat,2016,1260,234,1026,71,246,749,0,5904,70,Yes,Platform,Curve Digital,,Multi-platform,Third person,Action,Yes,16992
424,War Thunder,2013,1260,221,1039,69,221,840,0,8072,81,Yes,Shooter,Gaijin Entertainment,,Multi-platform,First person,Action,Yes,2165
425,Murdered: Soul Suspect,2014,1258,269,989,63,282,640,0,5501,59,Yes,Puzzle,Square Enix,,Multi-platform,Third person,Action,No,3188
426,Rogue Legacy,2013,1253,335,918,81,346,512,0,4916,85,Yes,Platform,Cellar Door Games,,Multi-platform,Side view,Action,No,3221
427,Marvel's Guardians of the Galaxy,2021,1249,354,895,81,363,495,0,4701,,Yes,Shooter,Square Enix,Marvel,Multi-platform,First person,Action,No,152249
428,Resident Evil,2014,1242,445,797,84,461,380,0,5450,91,Yes,Shooter,Capcom,Resident Evil,Multi-platform,Third person,Action,No,8254
429,The Order: 1886,2015,1237,252,985,66,262,700,0,3793,63,Yes,Shooter,Sony Computer Entertainment,,PlayStation,Third person,Action,Yes,3048
430,Bulletstorm,2011,1227,367,860,83,371,487,0,3563,83,Yes,Shooter,Electronic Arts,,Multi-platform,First person,Action,Yes,494
431,Prince of Persia,2008,1226,331,895,81,337,528,0,4006,82,Yes,Platform,Ubisoft Entertainment,Prince of Persia,Multi-platform,Third person,Action,No,2438
432,Resident Evil,1996,1225,428,797,78,431,410,0,5450,91,Yes,Adventure,Virgin Interactive Entertainment,Resident Evil,PlayStation,Third person,Action,No,424
433,Gwent: The Witcher Card Game,2018,1213,182,1031,81,182,1054,0,5065,80,Yes,Role-playing (RPG),CD Projekt RED,The Witcher,Multi-platform,Bird view / Isometric,Fantasy,Yes,19474
434,Return of the Obra Dinn,2018,1212,457,755,92,461,379,0,3053,88,Yes,Puzzle,3909,,Multi-platform,First person,Fantasy,No,9643
435,Remember Me,2013,1211,263,948,72,274,656,0,5192,65,Yes,Platform,Capcom,,Multi-platform,Third person,Action,No,1827
436,Assassin's Creed Valhalla,2020,1210,422,788,80,431,408,0,4492,82,Yes,Role-playing (RPG),Ubisoft Entertainment,Assassin's Creed,Multi-platform,Third person,Action,No,133004
437,Metal Gear Solid 3: Snake Eater,2004,1205,1205,0,89,1204,94,0,0,,No,Shooter,Konami,Metal Gear,PlayStation,First person,Action,No,379
438,S.T.A.L.K.E.R.: Call of Pripyat,2009,1202,261,941,79,263,697,0,4719,80,Yes,Shooter,Zoo Corporation,S.T.A.L.K.E.R.,Multi-platform,First person,Action,Yes,7605
439,Saints Row 2,2008,1201,305,896,77,309,577,0,7517,78,Yes,Shooter,THQ,,Multi-platform,Third person,Action,Yes,826
440,StarCraft,1998,1191,1191,0,89,1185,99,0,0,,No,Real Time Strategy (RTS),Blizzard Entertainment,starcraft,PC,Bird view / Isometric,Science fiction,Yes,230
441,Injustice 2,2017,1190,238,952,84,254,724,0,4623,88,Yes,Fighting,WB Games,DC Comics,Multi-platform,Side view,Action,Yes,19470
442,Call of Juarez: Gunslinger,2013,1177,335,842,76,344,519,0,7343,79,Yes,Shooter,Ubisoft Entertainment,,Multi-platform,First person,Action,No,1976
443,Prince of Persia: The Two Thrones,2005,1170,456,714,80,457,382,0,2903,85,Yes,Platform,Ubisoft Entertainment,Prince of Persia,Multi-platform,Third person,Action,No,2437
444,Halo 3: ODST,2009,1169,390,779,77,395,455,0,3106,91,Yes,Shooter,Microsoft Game Studios,Halo,Xbox,First person,Action,Yes,989
445,Dead Space 3,2013,1168,409,759,73,423,419,0,3231,77,Yes,Shooter,Electronic Arts,Dead Space,Multi-platform,Third person,Action,Yes,1216
446,Sonic Mania,2017,1164,306,858,85,322,549,0,5050,85,Yes,Platform,Sega,Sonic The Hedgehog,Multi-platform,Third person,Action,Yes,21062
447,World of Goo,2008,1162,322,840,83,325,547,0,4608,90,Yes,Puzzle,2D Boy,,Nintendo,Side view,Comedy,Yes,942
448,Persona 5 Royal,2019,1160,633,527,94,641,242,0,3166,94,Yes,Role-playing (RPG),Sega,Megami Tensei,Multi-platform,Third person,Fantasy,No,114283
449,Prince of Persia,1989,1159,264,895,82,264,695,0,4006,82,Yes,Platform,Brøderbund Software,Prince of Persia,Other,Side view,Action,No,2472
450,BioShock 2 Remastered,2016,1159,146,1013,80,144,1282,0,9169,,Yes,Shooter,2K Games,Bioshock,Multi-platform,First person,Action,No,34294
451,Gothic,2001,1157,420,737,82,421,423,0,3709,81,Yes,Role-playing (RPG),JoWooD Entertainment AG,,PC,Third person,Action,No,2261
452,Need for Speed: Hot Pursuit,2010,1157,378,779,84,385,474,0,3686,86,Yes,Racing,Electronic Arts,Need for Speed,Multi-platform,First person,Action,Yes,105
453,Vampyr,2018,1147,266,881,70,282,639,0,4973,70,Yes,Role-playing (RPG),Focus Entertainment,,Multi-platform,Third person,Action,No,8729
454,Rayman Origins,2011,1145,385,760,86,392,465,0,3546,86,Yes,Platform,Ubisoft Entertainment,Rayman,Multi-platform,Side view,Action,Yes,981
455,Gears of War 2,2008,1143,428,715,87,430,411,0,2998,93,Yes,Shooter,Microsoft Game Studios,Gears of War,Xbox,Third person,Action,Yes,548
456,South Park: The Fractured But Whole,2017,1143,325,818,82,341,524,0,3655,80,Yes,Role-playing (RPG),Ubisoft Entertainment,South Park,Multi-platform,Side view,Action,No,11161
457,Mirror's Edge Catalyst,2016,1143,288,855,69,314,567,0,3993,72,Yes,Platform,Electronic Arts,,Multi-platform,First person,Action,Yes,2112
458,Call of Duty: Modern Warfare,2019,1142,420,722,80,429,412,0,3950,80,Yes,Shooter,Activision,Call of Duty,Multi-platform,First person,Action,Yes,119177
459,Persona 4 Golden,2012,1135,531,604,90,540,308,0,3379,89,Yes,Role-playing (RPG),NIS America,Megami Tensei,PlayStation,Third person,Fantasy,No,2985
460,Rage,2011,1133,302,831,77,312,571,0,4637,79,Yes,Shooter,Aspyr Media,,Multi-platform,First person,Action,Yes,509
461,Half-Life: Blue Shift,2001,1129,366,763,67,363,497,0,7028,71,Yes,Shooter,Sierra Studios,Half-Life,PC,First person,Action,No,2549
462,Half-Life: Opposing Force,1999,1128,381,747,75,378,482,0,7011,,Yes,Shooter,Sierra Entertainment,Half-Life,PC,First person,Action,Yes,232
463,The Awesome Adventures of Captain Spirit,2018,1126,197,929,78,202,925,0,4634,77,Yes,Adventure,Square Enix,Life is Strange,Multi-platform,Unknown,Action,No,103283
464,Burnout Paradise,2008,1125,502,623,87,504,348,0,2640,87,Yes,Racing,Electronic Arts,,Multi-platform,First person,Action,Yes,620
465,Grim Fandango Remastered,2015,1125,220,905,81,232,797,0,6413,84,Yes,Point-and-click,Double Fine Productions,,Multi-platform,Bird view / Isometric,Comedy,No,8682
466,Vampire Survivors,2022,1123,337,786,86,339,527,0,5178,,Yes,Role-playing (RPG),Poncle,,Multi-platform,Bird view / Isometric,Action,Yes,186725
467,Mount & Blade: Warband,2010,1119,381,738,77,386,470,0,4131,78,Yes,Shooter,Paradox Interactive,,Multi-platform,First person,Action,Yes,2025
468,S.T.A.L.K.E.R.: Clear Sky,2008,1113,222,891,77,224,825,0,4690,75,Yes,Shooter,Deep Silver,S.T.A.L.K.E.R.,Multi-platform,First person,Action,Yes,4840
469,Gears 5,2019,1107,262,845,84,273,660,0,4523,83,Yes,Shooter,Xbox Game Studios,Gears of War,Xbox,Third person,Action,Yes,103292
470,Syberia,2002,1103,307,796,79,308,582,0,6833,82,Yes,Point-and-click,Microïds,,Multi-platform,Side view,Drama,No,890
471,Rust,2018,1101,241,860,74,244,757,0,5946,66,Yes,Shooter,Facepunch Studios,,PC,First person,Action,Yes,3277
472,BattleBlock Theater,2013,1101,200,901,83,207,896,0,5295,85,Yes,Platform,Microsoft Studios,,Xbox,Side view,Action,Yes,2605
473,Insurgency,2014,1100,132,968,72,132,1400,0,7568,74,Yes,Shooter,New World Interactive,,PC,First person,Action,Yes,7579
474,Final Fantasy XIII,2009,1097,409,688,77,418,427,0,4028,77,Yes,Role-playing (RPG),Square Enix,Final Fantasy,Multi-platform,Third person,Action,No,389
475,Need for Speed: Carbon,2006,1096,538,558,71,537,313,0,3891,73,Yes,Racing,Electronic Arts,Need for Speed,Multi-platform,First person,Open world,Yes,99
476,Overcooked! 2,2018,1089,284,805,80,292,611,0,4480,82,Yes,Simulator,Team17,,Multi-platform,Bird view / Isometric,Action,Yes,103341
477,Factorio,2020,1082,283,799,85,285,631,0,3615,83,Yes,Simulator,Wube Software,,Nintendo,Bird view / Isometric,Science fiction,Yes,7046
478,Sniper Elite V2,2012,1081,229,852,69,238,785,0,6444,66,Yes,Shooter,505 Games,,Multi-platform,Third person,Action,Yes,3078
479,Game Dev Tycoon,2012,1080,323,757,77,324,548,0,3528,68,Yes,Simulator,Greenheart Games,,Nintendo,Bird view / Isometric,Business,No,2599
480,Everlasting Summer,2014,1079,136,943,85,136,1360,0,4282,,Yes,Adventure,Soviet Games,,PC,First person,Thriller,No,8968
481,The Evil Within 2,2017,1078,256,822,81,271,670,0,4472,82,Yes,Shooter,Bethesda Softworks,,Multi-platform,First person,Action,No,36813
482,Alan Wake's American Nightmare,2012,1077,256,821,74,261,708,0,6167,73,Yes,Shooter,Microsoft Studios,,Xbox,Third person,Action,No,2602
483,Starbound,2016,1076,224,852,79,229,809,0,5477,81,Yes,Platform,Chucklefish Games,,Xbox,Side view,Action,Yes,3019
484,Hitman 2: Silent Assassin,2002,1074,421,653,79,422,421,0,4654,87,Yes,Shooter,Eidos Interactive,Hitman,Multi-platform,Third person,Action,No,748
485,Mark of the Ninja,2012,1074,307,767,88,313,570,0,5303,91,Yes,Platform,Microsoft Studios,,Xbox,Side view,Action,No,2129
486,Forza Horizon 5,2021,1073,311,762,90,319,552,0,4713,,Yes,Racing,Xbox Game Studios,Forza,Multi-platform,First person,Action,Yes,141503
487,Crysis 3,2013,1071,397,674,74,407,440,0,2604,76,Yes,Shooter,Electronic Arts,,Multi-platform,First person,Action,Yes,1268
488,Mortal Kombat: Armageddon,2006,1070,121,949,73,124,1493,0,4094,82,Yes,Fighting,Midway,Mortal Kombat,Multi-platform,Side view,Action,Yes,1616
489,Counter-Strike: Condition Zero,2004,1069,241,828,70,240,779,0,7637,65,Yes,Shooter,Sierra Entertainment,,Xbox,First person,Action,Yes,297
490,StarCraft II: Wings of Liberty,2010,1066,1066,0,88,1066,118,0,0,,No,Real Time Strategy (RTS),Blizzard Entertainment,starcraft,PC,Bird view / Isometric,Action,Yes,239
491,The Vanishing of Ethan Carter,2014,1064,375,689,79,391,466,0,3868,82,Yes,Puzzle,The Astronauts,,Multi-platform,First person,Horror,No,2939
492,Life is Strange 2,2018,1064,294,770,79,299,601,0,4775,75,Yes,Adventure,Square Enix,Life is Strange,Multi-platform,Third person,Action,No,62151
493,Into the Breach,2018,1063,262,801,86,271,671,0,3321,90,Yes,Puzzle,Subset Games,,Nintendo,Bird view / Isometric,Science fiction,No,27117
494,Star Wars: Jedi Knight - Jedi Academy,2003,1062,407,655,77,410,437,0,4407,81,Yes,Shooter,CyberFront,Star Wars,Multi-platform,First person,Action,Yes,153
495,Tom Clancy's The Division 2,2019,1056,281,775,80,293,610,0,3283,83,Yes,Shooter,Ubisoft Entertainment,Tom Clancy’s,Multi-platform,Third person,Action,Yes,90099
496,Super Smash Bros. Melee,2001,1050,1050,0,95,1046,122,0,0,,No,Fighting,Nintendo,Mario,Nintendo,Side view,Action,Yes,1627
497,The Last Guardian,2016,1050,301,749,81,321,551,0,3215,82,Yes,Platform,Sony Interactive Entertainment,,PlayStation,Third person,Action,No,117
498,Need for Speed,2015,1050,228,822,62,244,755,0,3792,66,Yes,Racing,Electronic Arts,Need for Speed,Multi-platform,Third person,Action,Yes,10965
499,Lords of the Fallen,2014,1050,155,895,68,167,1144,0,5346,73,Yes,Role-playing (RPG),Bandai Namco Entertainment,,Multi-platform,Third person,Action,No,4847
500,Unravel,2016,1047,266,781,81,285,630,0,3860,78,Yes,Platform,Electronic Arts,,Multi-platform,Side view,Action,No,11170
501,The Long Dark,2017,1047,177,870,79,181,1059,0,5836,76,Yes,Shooter,Hinterland Studio Inc.,,Multi-platform,First person,Action,No,8347
502,Resident Evil,2002,1045,248,797,84,248,741,0,5450,91,Yes,Puzzle,Capcom,Resident Evil,Nintendo,Third person,Action,No,24869
503,Doom 3,2004,1042,412,630,83,416,429,0,3955,87,Yes,Shooter,Activision,Doom,Xbox,First person,Action,Yes,280
504,Tekken 7,2015,1041,262,779,82,279,649,0,4196,82,Yes,Fighting,Bandai Namco Entertainment,Tekken,Multi-platform,Side view,Action,Yes,7498
505,Divinity: Original Sin,2014,1038,238,800,86,247,748,0,4971,87,Yes,Puzzle,Larian Studios,,PC,Bird view / Isometric,Fantasy,Yes,5082
506,Yakuza Kiwami,2016,1035,259,776,81,281,642,0,4724,83,Yes,Fighting,Deep Silver,Yakuza: Like a Dragon,Multi-platform,Third person,Action,Yes,12595
507,Call of Juarez: Bound In Blood,2009,1035,193,842,78,199,948,0,7343,79,Yes,Shooter,Techland,,Multi-platform,First person,Action,Yes,430
508,Pillars of Eternity,2015,1031,309,722,81,315,566,0,4716,89,Yes,Role-playing (RPG),Obsidian Entertainment,,Multi-platform,Bird view / Isometric,Fantasy,No,1593
509,Fable: The Lost Chapters,2005,1031,202,829,84,205,911,0,2966,83,Yes,Role-playing (RPG),Microsoft Game Studios,,Xbox,Third person,Action,No,694
510,Tom Clancy's Splinter Cell: Chaos Theory,2005,1029,346,683,81,350,509,0,3470,83,Yes,Shooter,Ubisoft Entertainment,Tom Clancy’s,Multi-platform,First person,Action,Yes,911
511,LEGO Star Wars: The Complete Saga,2007,1028,393,635,84,393,461,0,3487,77,Yes,Platform,LucasArts,LEGO,Multi-platform,Third person,Action,Yes,2682
512,Need for Speed: ProStreet,2007,1025,246,779,65,248,746,0,3686,86,Yes,Racing,Electronic Arts,Need for Speed,Multi-platform,First person,Action,Yes,100
513,Call of Duty: Infinite Warfare,2016,1020,392,628,74,415,431,0,3290,73,Yes,Shooter,Activision,Call of Duty,Multi-platform,First person,Action,Yes,18968
514,Final Fantasy X,2001,1016,1016,0,91,1015,131,0,0,,No,Role-playing (RPG),Square Electronic Arts,Final Fantasy,PlayStation,Third person,Fantasy,No,418
515,Homefront,2011,1013,198,815,71,205,909,0,6447,70,Yes,Shooter,Spike,,Multi-platform,First person,Action,Yes,1885
516,Killing Floor,2009,1013,158,855,71,163,1167,0,7269,72,Yes,Shooter,Tripwire Interactive,,PC,First person,Action,Yes,2949
517,The Dark Pictures Anthology: Man of Medan,2019,1009,251,758,69,262,699,0,3505,71,Yes,Adventure,Bandai Namco Entertainment,,Multi-platform,Third person,Horror,Yes,55047
518,Tom Clancy's Splinter Cell: Conviction,2010,1008,325,683,81,328,540,0,3470,83,Yes,Shooter,Ubisoft Entertainment,Tom Clancy’s,Xbox,Third person,Action,Yes,562
519,Halo Infinite,2021,1008,281,727,84,287,624,0,7876,84,Yes,Shooter,Xbox Game Studios,Halo,Xbox,First person,Action,Yes,103281
520,Call of Juarez,2006,1008,166,842,74,170,1130,0,7343,79,Yes,Shooter,Focus Entertainment,,Xbox,First person,Action,Yes,429
521,Assassin's Creed: Freedom Cry,2013,1006,225,781,73,227,814,0,3189,74,Yes,Adventure,Unknown,Assassin's Creed,Multi-platform,Third person,Action,Yes,3775
522,Steep,2016,1006,127,879,75,145,1273,0,4058,72,Yes,Simulator,Unknown,,Multi-platform,First person,Action,Yes,19554
523,RiME,2017,1004,226,778,74,241,774,0,3705,78,Yes,Platform,Six Foot,,Multi-platform,Third person,Action,No,7621
524,The Banner Saga,2014,1000,261,739,84,274,655,0,3923,81,Yes,Role-playing (RPG),Versus Evil,,Multi-platform,Side view,Fantasy,Yes,5508
525,Crusader Kings II,2012,996,242,754,84,244,758,0,7879,82,Yes,Role-playing (RPG),Paradox Interactive,,PC,Bird view / Isometric,Fantasy,Yes,2918
526,Smite,2014,996,193,803,73,197,955,0,6147,83,Yes,Role-playing (RPG),Tencent Games,,Multi-platform,Third person,Action,Yes,5607
527,Company of Heroes 2,2013,994,123,871,78,133,1393,0,9872,80,Yes,Real Time Strategy (RTS),Sega,,PC,Bird view / Isometric,Warfare,Yes,1369
528,Crash Bandicoot N. Sane Trilogy,2017,993,347,646,80,363,496,0,4880,81,Yes,Platform,Activision,Crash Bandicoot,Multi-platform,Third person,Action,No,26196
529,Resident Evil: Revelations 2,2015,992,222,770,72,232,798,0,5404,72,Yes,Shooter,Capcom,Resident Evil,Multi-platform,Third person,Action,Yes,7725
530,Grid 2,2013,991,164,827,77,175,1096,0,7714,80,Yes,Racing,Codemasters,,Multi-platform,First person,Non-fiction,Yes,2138
531,Duke Nukem 3D,1996,988,436,552,79,434,405,0,3342,54,Yes,Shooter,MacSoft Games,Duke Nukem,PC,First person,Action,Yes,342
532,Medal of Honor,2010,987,283,704,72,291,613,0,4779,72,Yes,Shooter,Electronic Arts,,Multi-platform,First person,Action,Yes,556
533,Battlefield Hardline,2015,986,296,690,70,311,574,0,3224,72,Yes,Shooter,Electronic Arts,,Multi-platform,First person,Action,Yes,7081
534,Crisis Core: Final Fantasy VII,2007,986,168,818,86,170,1127,0,5224,87,Yes,Role-playing (RPG),Square Enix,Final Fantasy,PlayStation,Third person,Action,No,2407
535,Chivalry: Medieval Warfare,2012,984,145,839,71,148,1256,0,6881,79,Yes,Fighting,Lace Mamba Global,,Multi-platform,First person,Action,Yes,2358
536,Need for Speed: Undercover,2008,982,296,686,59,299,603,0,3332,77,Yes,Racing,Electronic Arts,Need for Speed,Multi-platform,First person,Action,Yes,101
537,Tom Clancy's Splinter Cell,2002,981,404,577,84,408,438,0,2853,81,Yes,Shooter,Ubisoft Entertainment,Tom Clancy’s,Multi-platform,First person,Action,No,910
538,Metal Gear Solid 2: Sons of Liberty,2001,980,980,0,89,978,141,0,0,,No,Shooter,Konami,Metal Gear,PlayStation,Third person,Action,No,376
539,Tom Clancy's Ghost Recon: Wildlands,2017,979,263,716,73,283,636,0,3819,72,Yes,Shooter,Ubisoft Entertainment,Tom Clancy’s,Multi-platform,First person,Action,Yes,11171
540,Killing Floor 2,2016,979,165,814,77,177,1081,0,5447,75,Yes,Shooter,Iceberg Interactive,,Multi-platform,First person,Action,Yes,6748
541,F.E.A.R. 2: Project Origin,2009,977,293,684,76,298,606,0,5102,79,Yes,Shooter,WB Games,,Multi-platform,First person,Action,Yes,520
542,Doom,1993,976,976,0,83,974,144,0,0,,No,Shooter,id Software,Doom,PC,First person,Action,Yes,673
543,Fable III,2010,975,267,708,73,274,659,0,3318,78,Yes,Role-playing (RPG),Microsoft Game Studios,,Xbox,Third person,Action,Yes,504
544,Bully: Scholarship Edition,2008,975,215,760,80,218,853,0,4516,72,Yes,Adventure,Rockstar Games,,Multi-platform,Third person,Action,No,6574
545,World of Tanks,2011,972,272,700,75,279,650,0,3905,78,Yes,Shooter,Wargaming.net,,PC,First person,Action,Yes,1184
546,Gears of War: Judgment,2013,971,141,830,73,149,1249,0,3325,90,Yes,Shooter,Microsoft Studios,Gears of War,Xbox,Third person,Action,Yes,1319
547,Night in the Woods,2017,966,295,671,85,306,587,0,2670,88,Yes,Platform,Finji,,Multi-platform,Side view,Fantasy,No,10148
548,FIFA 18,2017,966,266,700,76,281,641,0,2871,79,Yes,Sport,EA Sports,FIFA,Multi-platform,Third person,Non-fiction,Yes,27081
549,Untitled Goose Game,2019,964,250,714,81,259,711,0,2828,80,Yes,Puzzle,Panic,,Multi-platform,Bird view / Isometric,Action,Yes,72813
550,Prince of Persia: The Forgotten Sands,2010,961,247,714,74,252,731,0,2903,85,Yes,Platform,Ubisoft Entertainment,Prince of Persia,Multi-platform,Third person,Action,No,2468
551,Outlast II,2017,957,224,733,74,239,780,0,4539,76,Yes,Adventure,Red Barrels,,Multi-platform,First person,Action,No,14390
552,Need for Speed: Payback,2017,957,217,740,58,231,802,0,3795,61,Yes,Racing,Electronic Arts,Need for Speed,Multi-platform,Third person,Action,Yes,36662
553,Grim Fandango,1998,956,381,575,86,380,481,0,3944,83,Yes,Point-and-click,LucasArts,,PC,Bird view / Isometric,Comedy,No,181
554,League of Legends,2009,955,955,0,80,954,150,0,0,,No,Role-playing (RPG),Riot Games,League of Legends,PC,Bird view / Isometric,Action,Yes,115
555,Stellaris,2016,954,263,691,79,273,661,0,5172,78,Yes,Real Time Strategy (RTS),Paradox Interactive,,Multi-platform,Bird view / Isometric,Science fiction,Yes,11582
556,Inscryption,2021,952,364,588,84,367,492,0,3175,86,Yes,Puzzle,Devolver Digital,,Multi-platform,First person,Horror,No,139090
557,Fortnite,2020,950,950,0,77,950,152,0,0,,No,Shooter,Epic Games,Fortnite,Multi-platform,First person,Action,Yes,1905
558,Serious Sam 3: BFE,2011,947,171,776,70,177,1086,0,5335,72,Yes,Shooter,Devolver Digital,,Multi-platform,First person,Action,Yes,527
559,Assassin's Creed Mirage,2023,946,165,781,75,174,1098,0,3189,74,Yes,Adventure,Ubisoft Entertainment,Assassin's Creed,Multi-platform,Third person,Action,No,215060
560,Final Fantasy VII Rebirth,2024,946,128,818,90,135,1369,0,5224,87,Yes,Role-playing (RPG),Square Enix,Final Fantasy,Multi-platform,Third person,Action,No,133236
561,Guacamelee! Super Turbo Championship Edition,2014,946,123,823,84,129,1429,0,6626,86,Yes,Fighting,Activision,,Multi-platform,Side view,Action,Yes,8862
562,Tetris,1989,939,939,0,86,938,155,0,0,,No,Puzzle,Nintendo,Tetris,Nintendo,Side view,Unknown,No,8197
563,The Dark Pictures Anthology: Little Hope,2020,935,177,758,73,185,1034,0,3505,71,Yes,Adventure,Bandai Namco Entertainment,,Multi-platform,Third person,Horror,Yes,122120
564,Kingdom Hearts,2002,933,561,372,81,561,291,0,3090,80,Yes,Role-playing (RPG),Disney Interactive Studios,Kingdom Hearts,PlayStation,Third person,Action,No,1219
565,FlatOut 2,2006,933,286,647,82,288,621,0,2886,76,Yes,Racing,Vivendi Games,,Multi-platform,First person,Action,Yes,2668
566,God of War Ragnarök,2022,930,930,0,93,937,156,0,0,,No,Role-playing (RPG),Sony Interactive Entertainment,God of War,PlayStation,Third person,Action,No,112875
567,Gears of War 3,2011,930,331,599,89,333,536,0,2629,91,Yes,Shooter,Microsoft Game Studios,Gears of War,Xbox,Third person,Action,Yes,492
568,Risk of Rain 2,2020,930,237,693,85,242,768,0,4246,82,Yes,Shooter,Gearbox Publishing,,Multi-platform,Third person,Action,Yes,28512
569,Fallout 76,2018,929,269,660,56,282,638,0,4029,51,Yes,Shooter,Bethesda Softworks,Fallout,Multi-platform,First person,Action,Yes,103020
570,My Friend Pedro,2019,929,184,745,74,192,984,0,3607,76,Yes,Shooter,Devolver Digital,,Multi-platform,Side view,Action,No,25901
571,Remnant: From the Ashes,2019,928,275,653,77,289,616,0,3693,76,Yes,Shooter,Perfect World Entertainment,,Multi-platform,Third person,Action,Yes,105049
572,Need for Speed: Rivals,2013,926,240,686,74,250,736,0,3332,77,Yes,Racing,Electronic Arts,Need for Speed,Multi-platform,First person,Action,Yes,2074
573,Payday: The Heist,2011,926,145,781,71,149,1248,0,6078,76,Yes,Shooter,Sony Online Entertainment,,PlayStation,First person,Action,Yes,1381
574,"Warhammer 40,000: Space Marine",2011,925,175,750,77,181,1060,0,6100,74,Yes,Shooter,THQ,"Warhammer 40,000",Multi-platform,Third person,Action,Yes,578
575,Resident Evil Zero,2002,925,128,797,74,130,1425,0,5450,91,Yes,Shooter,Capcom,Resident Evil,Nintendo,Third person,Action,No,970
576,Amnesia: A Machine for Pigs,2013,923,240,683,70,248,743,0,7484,72,Yes,Puzzle,Frictional Games,,Multi-platform,First person,Action,No,1882
577,Sniper Elite 4,2017,922,177,745,75,196,963,0,4814,78,Yes,Shooter,Rebellion Developments,,Multi-platform,Third person,Action,Yes,18366
578,Demon's Souls,2009,921,377,544,87,383,476,0,2719,89,Yes,Role-playing (RPG),Atlus,,PlayStation,Third person,Action,Yes,5619
579,Deep Rock Galactic,2020,921,237,684,81,243,763,0,5221,84,Yes,Shooter,Coffee Stain Publishing,,Multi-platform,First person,Action,Yes,27134
580,Torchlight,2009,919,252,667,79,255,721,0,4436,83,Yes,Role-playing (RPG),Microsoft Studios,,Xbox,Bird view / Isometric,Action,No,2480
581,Warhammer: Vermintide 2,2018,917,139,778,79,147,1261,0,8532,82,Yes,Shooter,Fatshark,Warhammer,Multi-platform,First person,Action,Yes,55189
582,Gears of War 4,2016,916,230,686,80,256,718,0,2623,85,Yes,Shooter,Microsoft Studios,Gears of War,Xbox,Third person,Action,Yes,11186
583,Worms Armageddon,1999,915,350,565,83,346,514,0,3173,,Yes,Shooter,Infogrames,Worms,Multi-platform,Side view,Action,Yes,948
584,Deponia,2012,914,190,724,76,192,985,0,4897,74,Yes,Point-and-click,Daedalic Entertainment,,Multi-platform,Side view,Science fiction,No,5060
585,Dark Messiah of Might and Magic,2006,912,237,675,77,240,776,0,3757,72,Yes,Fighting,Ubisoft Entertainment,Might and Magic,PC,First person,Action,Yes,2369
586,Rage 2,2019,912,199,713,69,210,883,0,2947,71,Yes,Shooter,Bethesda Softworks,,Multi-platform,First person,Action,No,101211
587,Metroid Fusion,2002,911,300,611,85,301,596,0,3246,80,Yes,Shooter,Nintendo,Metroid,Nintendo,Side view,Action,No,1104
588,Shadowrun Returns,2013,911,180,731,74,188,1015,0,7257,76,Yes,Role-playing (RPG),Harebrained Schemes,Shadowrun,Multi-platform,Bird view / Isometric,Action,No,3020
589,Super Smash Bros. Ultimate,2018,910,910,0,87,922,158,0,0,,No,Fighting,Nintendo,Metroid,Nintendo,Side view,Action,Yes,90101
590,Tom Clancy's Splinter Cell: Blacklist,2013,907,330,577,80,340,526,0,2853,81,Yes,Shooter,Ubisoft Entertainment,Tom Clancy’s,Multi-platform,Third person,Action,Yes,1305
591,Infamous: First Light,2014,907,178,729,75,185,1036,0,3301,73,Yes,Shooter,Sony Computer Entertainment,Infamous,PlayStation,Third person,Action,No,7328
592,The Dark Pictures Anthology: House of Ashes,2021,907,149,758,75,158,1189,0,3505,71,Yes,Adventure,Bandai Namco Entertainment,,Multi-platform,Third person,Horror,Yes,140617
593,Unreal,1998,906,125,781,80,125,1477,0,3860,78,Yes,Shooter,GT Interactive Software,Unreal,PC,First person,Action,Yes,273
594,Ark: Survival Evolved,2017,905,238,667,68,246,750,0,8680,70,Yes,Shooter,Studio Wildcard,,Multi-platform,First person,Action,Yes,10239
595,RimWorld,2018,903,286,617,80,288,620,0,2982,87,Yes,Real Time Strategy (RTS),Ludeon Studios,,PC,Bird view / Isometric,Science fiction,No,9789
596,LEGO Marvel Super Heroes,2013,903,230,673,82,250,737,0,4065,78,Yes,Puzzle,WB Games,The Avengers,Multi-platform,Third person,Action,Yes,2050
597,Medal of Honor: Airborne,2007,900,196,704,77,199,947,0,4779,72,Yes,Shooter,Electronic Arts,,Multi-platform,First person,Action,Yes,1314
598,Her Story,2015,897,272,625,81,278,652,0,3397,88,Yes,Point-and-click,Sam Barlow,,PC,First person,Drama,No,11346
599,Valheim,2021,896,264,632,87,265,689,0,4947,,Yes,Role-playing (RPG),Coffee Stain Publishing,,Multi-platform,Third person,Action,Yes,104967
600,Furi,2016,896,187,709,79,206,902,0,3995,76,Yes,Shooter,The Game Bakers,,Multi-platform,Third person,Action,No,17026
601,Hitman: Codename 47,2000,894,296,598,68,298,605,0,3971,73,Yes,Shooter,Eidos Interactive,Hitman,PC,Third person,Action,No,1050
602,Trine,2009,893,298,595,81,305,590,0,3570,78,Yes,Platform,Nobilis,,Multi-platform,Side view,Action,Yes,6247
603,Super Mario Galaxy 2,2010,888,888,0,93,890,160,0,0,,No,Platform,Nintendo,Mario Bros.,Nintendo,Third person,Action,Yes,1078
604,Halo: Combat Evolved,2001,886,886,0,85,884,164,0,0,,No,Shooter,Microsoft Game Studios,Halo,Xbox,First person,Action,Yes,740
605,Age of Empires III,2005,883,436,447,78,440,398,0,6024,80,Yes,Real Time Strategy (RTS),Destineer,,PC,Bird view / Isometric,Fantasy,Yes,299
606,"Warhammer 40,000: Space Marine II",2024,883,133,750,80,135,1368,0,6100,74,Yes,Shooter,Focus Entertainment,"Warhammer 40,000",Multi-platform,Third person,Action,Yes,185252
607,Final Fantasy IX,2000,881,881,0,86,881,165,0,0,,No,Role-playing (RPG),Square,Final Fantasy,PlayStation,Third person,Fantasy,No,421
608,Sunset Overdrive,2014,881,158,723,81,173,1108,0,4456,82,Yes,Shooter,Microsoft Studios,,Xbox,Third person,Action,Yes,3247
609,Alice: Madness Returns,2011,880,309,571,73,314,568,0,3401,75,Yes,Platform,Electronic Arts,,Multi-platform,First person,Action,No,1040
610,LEGO Star Wars: The Video Game,2005,878,243,635,79,244,759,0,3487,77,Yes,Platform,Aspyr Media,LEGO,Multi-platform,Third person,Action,Yes,2681
611,F.E.A.R. 3,2011,873,217,656,72,221,843,0,5125,74,Yes,Shooter,WB Games,,Multi-platform,First person,Action,Yes,514
612,Blasphemous,2019,872,298,574,79,298,604,0,4204,78,Yes,Platform,The Game Kitchen,,Multi-platform,Side view,Action,No,26820
613,Quake,1996,870,384,486,83,384,475,0,3303,94,Yes,Shooter,MacSoft Games,,PC,First person,Action,Yes,333
614,Medal of Honor,1999,869,165,704,76,166,1152,0,4779,72,Yes,Shooter,Electronic Arts,,PlayStation,First person,Action,Yes,1307
615,Persona 4,2008,869,265,604,91,268,682,0,3379,89,Yes,Role-playing (RPG),Atlus,Megami Tensei,PlayStation,Third person,Fantasy,No,9600
616,Nioh,2017,867,175,692,84,197,954,0,3663,88,Yes,Role-playing (RPG),Koei Tecmo Games,Nioh,PlayStation,Third person,Action,Yes,12571
617,Neverwinter Nights,2002,866,222,644,77,224,828,0,5419,74,Yes,Role-playing (RPG),"Atari, Inc.",Dungeons & Dragons,PC,Third person,Fantasy,Yes,216
618,Broken Age,2014,865,176,689,75,188,1014,0,5142,81,Yes,Point-and-click,Double Fine Productions,,Multi-platform,Side view,Fantasy,No,3087
619,Far Cry New Dawn,2019,863,236,627,69,245,752,0,2656,73,Yes,Shooter,Ubisoft Entertainment,Far Cry,Multi-platform,First person,Action,Yes,113111
620,Medal of Honor: Warfighter,2012,859,155,704,55,163,1169,0,4779,72,Yes,Shooter,Electronic Arts,,Multi-platform,First person,Action,Yes,1306
621,Final Fantasy XIII-2,2011,858,170,688,73,181,1061,0,4028,77,Yes,Real Time Strategy (RTS),Square Enix,Final Fantasy,Multi-platform,Third person,Fantasy,No,384
622,Serious Sam: The First Encounter,2001,857,255,602,81,257,716,0,4018,87,Yes,Shooter,Gathering of Developers,,Xbox,First person,Action,Yes,857
623,Mass Effect Legendary Edition,2021,856,281,575,89,289,615,0,4082,88,Yes,Shooter,Electronic Arts,Mass Effect,Multi-platform,Third person,Action,Yes,140839
624,World of Warcraft,2004,855,855,0,85,861,171,0,0,,No,Role-playing (RPG),Blizzard Entertainment,Warcraft,PC,Third person,Action,Yes,123
625,Little Nightmares II,2021,855,301,554,82,310,576,0,2673,82,Yes,Platform,Bandai Namco Entertainment,,Multi-platform,Third person,Action,No,121760
626,Star Wars: The Force Unleashed II,2010,854,284,570,64,289,619,0,3579,59,Yes,Role-playing (RPG),LucasArts,Star Wars,Multi-platform,Third person,Action,No,137
627,Ghostrunner,2020,851,206,645,80,214,868,0,4411,,Yes,Shooter,505 Games,,Multi-platform,First person,Action,No,121752
628,Metroid Prime,2002,849,849,0,94,848,173,0,0,,No,Shooter,Nintendo,Metroid,Nintendo,First person,Action,No,1105
629,Saints Row: Gat Out of Hell,2015,848,155,693,66,165,1154,0,4112,66,Yes,Shooter,Deep Silver,,Multi-platform,Third person,Action,Yes,7708
630,Prototype 2,2012,845,235,610,73,245,754,0,2749,76,Yes,Platform,Activision,,Multi-platform,Third person,Action,No,2988
631,SteamWorld Dig,2013,845,225,620,77,230,805,0,3975,76,Yes,Platform,Image & Form,,Multi-platform,Side view,Action,No,5772
632,The Legend of Zelda: Majora's Mask,2000,842,842,0,88,837,176,0,0,,No,Puzzle,Nintendo,The Legend of Zelda,Nintendo,Third person,Action,No,1030
633,Dragon's Dogma: Dark Arisen,2013,841,164,677,80,185,1035,0,5189,81,Yes,Role-playing (RPG),Capcom,Dragon's Dogma,Multi-platform,Third person,Action,No,16300
634,FIFA 17,2016,839,251,588,81,269,679,0,2765,85,Yes,Sport,EA Sports,FIFA,Multi-platform,Third person,Non-fiction,Yes,19459
635,Hyper Light Drifter,2016,839,244,595,85,253,727,0,3593,84,Yes,Shooter,Heart Machine,,Multi-platform,Bird view / Isometric,Action,Yes,9806
636,Dishonored: Death of the Outsider,2017,837,210,627,81,221,837,0,3942,83,Yes,Puzzle,Bethesda Softworks,,Multi-platform,First person,Action,No,37030
637,LittleBigPlanet 3,2014,836,116,720,75,126,1459,0,3629,79,Yes,Platform,Sony Computer Entertainment,LittleBigPlanet,PlayStation,Side view,Sandbox,Yes,7330
638,Black Desert,2014,835,187,648,71,191,991,0,7525,73,Yes,Role-playing (RPG),Pearl Abyss,,Multi-platform,Third person,Action,Yes,6292
639,Resident Evil: Revelations,2012,833,195,638,74,221,841,0,4480,77,Yes,Shooter,Capcom,Resident Evil,Nintendo,First person,Action,Yes,978
640,Need for Speed: Underground 2,2004,830,830,0,81,831,177,0,0,,No,Racing,Electronic Arts,Need for Speed,Multi-platform,First person,Action,Yes,97
641,This Is the Police,2016,830,110,720,65,124,1484,0,3651,66,Yes,Simulator,EuroVideo Medien,,Multi-platform,Bird view / Isometric,Action,No,11423
642,Day of the Tentacle,1993,829,449,380,89,447,391,0,3246,86,Yes,Point-and-click,LucasArts,,PC,Side view,Fantasy,No,193
643,Total War: Shogun 2,2011,827,199,628,86,203,924,0,7462,90,Yes,Real Time Strategy (RTS),Sega,Total War,PC,Bird view / Isometric,Historical,Yes,432
644,Medal of Honor: Frontline,2002,827,123,704,85,125,1473,0,4779,72,Yes,Shooter,Electronic Arts,,Multi-platform,First person,Action,Yes,1309
645,Spelunky,2012,820,182,638,89,192,986,0,4953,90,Yes,Platform,Microsoft Studios,,Multi-platform,Side view,Action,Yes,3029
646,Tomb Raider: Legend,2006,818,285,533,68,290,614,0,4527,82,Yes,Shooter,Square Enix,Tomb Raider,Multi-platform,Third person,Action,No,1161
647,Star Wars: The Force Unleashed,2008,817,439,378,68,446,392,0,3321,65,Yes,Role-playing (RPG),THQ Wireless,Star Wars,Multi-platform,Third person,Action,Yes,475
648,The Walking Dead: Season Two,2013,816,816,0,80,820,182,0,0,,No,Point-and-click,Skybound Games,The Walking Dead,Multi-platform,Third person,Action,No,3097
649,Deus Ex,2000,816,816,0,89,818,184,0,0,,No,Shooter,Eidos Interactive,Deus Ex,PC,First person,Action,Yes,41
650,The Secret of Monkey Island,1990,816,485,331,83,485,355,0,2737,86,Yes,Point-and-click,Lucasfilm Games,Monkey Island,PC,Side view,Historical,No,60
651,Plague Inc: Evolved,2015,814,154,660,79,157,1195,0,3862,80,Yes,Real Time Strategy (RTS),Ndemic Creations,,Multi-platform,Bird view / Isometric,Unknown,Yes,7601
652,LEGO The Lord of the Rings,2012,812,193,619,76,202,929,0,5986,80,Yes,Adventure,Feral Interactive,The Lord of the Rings,Multi-platform,Third person,Action,Yes,4969
653,Oddworld: Abe's Oddysee,1997,811,249,562,91,248,744,0,5760,85,Yes,Platform,GT Interactive Software,,PlayStation,Side view,Action,Yes,999
654,Tom Clancy's Splinter Cell: Pandora Tomorrow,2004,811,234,577,80,240,777,0,2853,81,Yes,Shooter,Ubisoft Entertainment,Tom Clancy’s,Multi-platform,First person,Action,Yes,874
655,Dirt Rally,2015,811,138,673,83,151,1229,0,7004,86,Yes,Racing,Codemasters,Colin McRae,Multi-platform,First person,Non-fiction,Yes,9928
656,Horizon Forbidden West,2022,810,341,469,89,351,507,0,2750,86,Yes,Role-playing (RPG),Sony Interactive Entertainment,Horizon,PlayStation,Third person,Action,No,112874
657,Unravel Two,2018,810,190,620,79,200,936,0,3315,79,Yes,Platform,Electronic Arts,,Multi-platform,Third person,Action,Yes,19241
658,The Witcher,2007,809,809,0,85,809,187,0,0,,No,Role-playing (RPG),CD Projekt RED,The Witcher,PC,Third person,Action,No,80
659,Kingdom Hearts II,2005,807,807,0,89,808,188,0,0,,No,Role-playing (RPG),Buena Vista Games,Kingdom Hearts,PlayStation,Third person,Action,No,1221
660,Company of Heroes,2006,806,242,564,90,242,770,0,5817,93,Yes,Real Time Strategy (RTS),THQ,,PC,Bird view / Isometric,Action,Yes,654
661,Need for Speed: The Run,2011,805,247,558,68,253,729,0,3891,73,Yes,Racing,Electronic Arts,Need for Speed,Multi-platform,First person,Action,Yes,526
662,Age of Empires II: HD Edition,2013,802,213,589,67,214,869,0,3847,68,Yes,Real Time Strategy (RTS),Microsoft Studios,,PC,Bird view / Isometric,Historical,Yes,2950
663,Beat Saber,2018,801,171,630,85,175,1094,0,2547,90,Yes,Music,Beat Games,,PlayStation,Auditory,Action,Yes,83731
664,Slime Rancher,2017,800,224,576,76,226,820,0,3430,81,Yes,Shooter,Skybound Games,,Multi-platform,First person,Action,No,16287
665,Age of Empires II: Definitive Edition,2019,798,177,621,83,180,1064,0,5294,65,Yes,Real Time Strategy (RTS),Xbox Game Studios,,Multi-platform,Bird view / Isometric,Historical,Yes,55056
666,Castlevania: Symphony of the Night,1997,795,795,0,92,793,193,0,0,,No,Platform,Konami,Castlevania,Multi-platform,Side view,Action,No,1128
667,A Story About My Uncle,2014,795,153,642,69,154,1211,0,6160,73,Yes,Platform,Coffee Stain Studios,,PC,First person,Action,No,7211
668,Flower,2009,792,225,567,79,231,804,0,2751,89,Yes,Puzzle,Annapurna Interactive,,PlayStation,Third person,Fantasy,No,1354
669,Vanquish,2010,790,229,561,80,237,789,0,3474,79,Yes,Shooter,Sega,,Multi-platform,Third person,Action,No,3218
670,Dust: An Elysian Tail,2012,790,165,625,79,172,1115,0,4842,84,Yes,Platform,Microsoft Studios,,Multi-platform,Side view,Action,No,2130
671,Hitman: Contracts,2004,788,304,484,73,304,591,0,3186,77,Yes,Shooter,Eidos Interactive,Hitman,Multi-platform,First person,Action,No,1049
672,Overlord,2007,787,148,639,74,150,1243,0,4915,81,Yes,Role-playing (RPG),Codemasters,,Multi-platform,Third person,Action,Yes,44
673,System Shock 2,1999,783,370,413,89,369,491,0,4393,92,Yes,Shooter,Electronic Arts,,PC,First person,Action,Yes,22
674,Sonic Generations,2011,783,234,549,76,244,761,0,4316,77,Yes,Platform,Sega,Sonic The Hedgehog,Multi-platform,Third person,Action,No,506
675,Need for Speed: Heat,2019,780,222,558,70,231,801,0,3891,73,Yes,Racing,Electronic Arts,Need for Speed,Multi-platform,First person,Action,Yes,119161
676,Red Faction: Guerrilla,2009,779,153,626,79,159,1188,0,4721,82,Yes,Shooter,THQ,,Multi-platform,Third person,Action,Yes,846
677,Star Wars: Republic Commando,2005,778,249,529,82,254,725,0,3460,78,Yes,Shooter,Activision,Star Wars,Multi-platform,First person,Action,Yes,148
678,Deathloop,2021,778,231,547,85,241,772,0,4536,88,Yes,Shooter,Bethesda Softworks,,Multi-platform,First person,Action,Yes,113598
679,Duke Nukem Forever,2011,777,225,552,56,232,799,0,3342,54,Yes,Shooter,2K Games,Duke Nukem,Multi-platform,First person,Action,Yes,490
680,Dead Rising 2,2010,777,219,558,77,227,817,0,3856,78,Yes,Hack and slash/Beat 'em up,Capcom,,Multi-platform,Third person,Action,Yes,496
681,Need for Speed: Shift,2009,776,218,558,76,222,835,0,3891,73,Yes,Racing,Electronic Arts,Need for Speed,Multi-platform,First person,Action,Yes,102
682,Grim Dawn,2016,776,201,575,78,205,908,0,3944,83,Yes,Role-playing (RPG),Crate Entertainment,,Xbox,Bird view / Isometric,Action,Yes,1907
683,Tomb Raider: Underworld,2008,772,247,525,73,251,734,0,4960,80,Yes,Shooter,Feral Interactive,Tomb Raider,Multi-platform,Third person,Action,No,1163
684,Prison Architect,2015,772,187,585,78,199,946,0,5613,83,Yes,Simulator,Paradox Interactive,,Multi-platform,Bird view / Isometric,Action,Yes,1338
685,Syberia II,2004,772,197,575,78,196,964,0,6203,80,Yes,Point-and-click,1C Company,,Multi-platform,Third person,Drama,No,6185
686,Kingdom Hearts III,2019,771,233,538,82,243,765,0,2691,82,Yes,Role-playing (RPG),The Walt Disney Company,Disney,Multi-platform,Third person,Action,No,2933
687,Lara Croft and the Temple of Osiris,2014,771,120,651,73,131,1410,0,7181,73,Yes,Shooter,Square Enix,Tomb Raider,Multi-platform,Bird view / Isometric,Action,Yes,7325
688,Star Wars: Jedi Knight II - Jedi Outcast,2002,770,314,456,79,314,569,0,3804,89,Yes,Shooter,Activision,Star Wars,Multi-platform,First person,Action,Yes,152
689,Tom Clancy's Splinter Cell: Double Agent,2006,763,186,577,78,190,997,0,2853,81,Yes,Shooter,Ubisoft Entertainment,Tom Clancy’s,Multi-platform,Third person,Action,Yes,7469
690,Superliminal,2019,762,257,505,80,262,698,0,2794,77,Yes,Puzzle,Pillow Castle Games,,Multi-platform,First person,Action,Yes,68447
691,Spyro Reignited Trilogy,2018,762,224,538,84,235,790,0,4310,80,Yes,Platform,Activision,Spyro the Dragon,Multi-platform,Third person,Action,No,87683
692,Titan Quest,2006,759,185,574,79,189,1005,0,3980,69,Yes,Role-playing (RPG),THQ,,PC,Bird view / Isometric,Action,Yes,8311
693,Crypt of the NecroDancer,2015,759,162,597,82,169,1133,0,3909,87,Yes,Music,Spike Chunsoft,,Multi-platform,Bird view / Isometric,Action,Yes,7886
694,LEGO Star Wars: The Skywalker Saga,2022,757,122,635,81,130,1418,0,3487,77,Yes,Puzzle,WB Games,LEGO,Multi-platform,First person,Action,Yes,119305
695,Call of Duty: Black Ops 4,2018,755,187,568,75,203,919,0,2828,84,Yes,Shooter,Activision,Call of Duty,Multi-platform,First person,Action,Yes,83727
696,Mafia II: Definitive Edition,2020,749,128,621,67,131,1406,0,5294,65,Yes,Shooter,2K Games,,Multi-platform,Third person,Action,No,134071
697,Grand Theft Auto: Episodes from Liberty City,2009,747,132,615,82,139,1333,0,3816,,Yes,Adventure,Rockstar Games,Grand Theft Auto,Multi-platform,Third person,Action,Yes,7003
698,Demon's Souls,2020,746,202,544,90,211,879,0,2719,89,Yes,Role-playing (RPG),Sony Interactive Entertainment,,PlayStation,Third person,Action,Yes,134606
699,Carmageddon,1997,744,179,565,80,177,1084,0,3173,,Yes,Racing,SCi Games,,PlayStation,First person,Action,Yes,626
700,Gothic 3,2006,738,211,527,69,214,870,0,3550,63,Yes,Role-playing (RPG),Aspyr Media,,PC,First person,Action,No,2263
701,The Last of Us Part I,2022,735,735,0,85,745,203,0,0,,No,Shooter,Sony Interactive Entertainment,The Last of Us,PlayStation,Third person,Action,No,204350
702,A Hat in Time,2017,735,229,506,81,238,784,0,3036,77,Yes,Platform,Gears for Breakfast,,Multi-platform,First person,Action,Yes,6705
703,Final Fantasy III,1994,733,733,0,95,733,208,0,0,,No,Role-playing (RPG),Square,Final Fantasy,Nintendo,Bird view / Isometric,Fantasy,No,426
704,A Plague Tale: Requiem,2022,731,250,481,85,255,719,0,2608,,Yes,Role-playing (RPG),Focus Entertainment,,Multi-platform,Third person,Action,No,152242
705,Quake II,1997,728,318,410,83,318,558,0,2802,,Yes,Shooter,Macmillan Digital Publishing,,Multi-platform,First person,Action,Yes,286
706,Shadow Warrior 2,2016,728,121,607,76,137,1350,0,4142,78,Yes,Shooter,Devolver Digital,,Multi-platform,First person,Action,Yes,11064
707,Trials Fusion,2014,728,117,611,77,128,1439,0,3246,80,Yes,Platform,Ubisoft Entertainment,,Multi-platform,Side view,Non-fiction,Yes,3191
708,Helltaker,2020,723,169,554,74,169,1131,0,3355,,Yes,Puzzle,Vanripper,,PC,Bird view / Isometric,Fantasy,No,133152
709,Thomas Was Alone,2012,720,178,542,74,186,1027,0,3835,77,Yes,Platform,Bithell Games,,Multi-platform,Side view,Action,No,2291
710,Half-Life: Alyx,2020,714,211,503,93,219,848,0,3186,93,Yes,Shooter,Valve,Half-Life,Other,Virtual Reality,Action,No,126098
711,Ruiner,2017,713,118,595,77,130,1420,0,3570,78,Yes,Shooter,Devolver Digital,,Multi-platform,Bird view / Isometric,Action,No,18857
712,Far Cry 6,2021,709,233,476,75,242,767,0,2714,75,Yes,Shooter,Ubisoft Entertainment,Far Cry,Multi-platform,First person,Action,Yes,126290
713,The Legend of Zelda,1986,707,707,0,80,705,217,0,0,,No,Adventure,Nintendo,The Legend of Zelda,Nintendo,Bird view / Isometric,Action,No,1022
714,The Swapper,2013,706,178,528,84,188,1012,0,4684,87,Yes,Platform,Facepalm Games,,Multi-platform,Side view,Action,No,5892
715,Risen,2009,704,177,527,78,178,1074,0,3681,77,Yes,Role-playing (RPG),Deep Silver,,Xbox,Third person,Action,No,2444
716,Sniper Elite III,2014,703,191,512,69,202,928,0,4058,67,Yes,Shooter,505 Games,,Multi-platform,First person,Action,Yes,8366
717,Metal Gear Solid 4: Guns of the Patriots,2008,702,702,0,91,707,215,0,0,,No,Shooter,Konami,Metal Gear,PlayStation,Third person,Action,No,380
718,Hearthstone,2014,700,700,0,83,709,214,0,0,,No,Strategy,Blizzard Entertainment,Warcraft,PC,Bird view / Isometric,Fantasy,Yes,1279
719,Dead Island 2,2023,696,138,558,72,143,1293,0,3856,78,Yes,Shooter,Deep Silver,,Multi-platform,First person,Action,Yes,7329
720,Serious Sam: The Second Encounter,2002,693,177,516,85,179,1069,0,3214,85,Yes,Shooter,Gathering of Developers,,PC,First person,Action,Yes,858
721,Killzone: Shadow Fall,2013,693,150,543,67,164,1162,0,2853,73,Yes,Shooter,Sony Computer Entertainment,Killzone,PlayStation,First person,Action,Yes,1937
722,Darksiders III,2018,693,129,564,68,145,1272,0,3893,65,Yes,Role-playing (RPG),THQ Nordic,,Multi-platform,Third person,Action,No,28380
723,Orwell: Keeping an Eye on You,2016,691,133,558,78,139,1326,0,5265,77,Yes,Simulator,Surprise Attack Games,,Nintendo,Text,Science fiction,No,22704
724,7 Days to Die,2024,690,196,494,53,203,921,0,4308,,Yes,Shooter,Telltale Games,,Multi-platform,First person,Action,Yes,5574
725,VVVVVV,2010,690,180,510,80,184,1044,0,4090,81,Yes,Platform,"Nicalis, Inc.",,Multi-platform,Side view,Action,Yes,1990
726,Super Mario World 2: Yoshi's Island,1995,689,689,0,94,687,224,0,0,,No,Platform,Nintendo,Mario Bros.,Nintendo,Side view,Action,Yes,1073
727,The Legend of Zelda: A Link Between Worlds,2013,688,688,0,90,702,219,0,0,,No,Puzzle,Nintendo,The Legend of Zelda,Nintendo,Third person,Action,No,2909
728,Audiosurf,2008,686,138,548,82,139,1335,0,3326,85,Yes,Music,Unknown,,PC,Third person,Action,Yes,2956
729,Tomb Raider: Anniversary,2007,684,237,447,73,243,766,0,4426,83,Yes,Shooter,Feral Interactive,Tomb Raider,Multi-platform,Third person,Action,No,1162
730,Naruto Shippuden: Ultimate Ninja Storm 4,2016,684,185,499,76,193,979,0,2685,80,Yes,Fighting,Bandai Namco Entertainment,Naruto,Multi-platform,Side view,Action,Yes,11059
731,Catherine,2011,684,181,503,79,188,1017,0,3136,80,Yes,Platform,Atlus,,Multi-platform,Bird view / Isometric,Action,Yes,2151
732,The Legend of Zelda: Twilight Princess,2006,683,683,0,91,683,225,0,0,,No,Puzzle,Nintendo,The Legend of Zelda,Nintendo,Third person,Action,No,1036
733,Streets of Rage 4,2020,678,187,491,81,199,942,0,2665,84,Yes,Fighting,DotEmu,Streets of Rage,Multi-platform,Side view,Action,Yes,107262
734,Heroes of Might and Magic III: The Restoration of Erathia,1999,677,677,0,91,674,231,0,0,,No,Role-playing (RPG),Loki Software,Might and Magic,PC,Bird view / Isometric,Fantasy,Yes,364
735,Sid Meier's Civilization IV,2005,673,298,375,90,301,597,0,2973,94,Yes,Simulator,2K Games,Sid Meier,PC,Bird view / Isometric,Fantasy,Yes,293
736,Street Fighter V,2016,671,162,509,72,180,1066,0,4500,74,Yes,Fighting,Capcom,Street Fighter,PlayStation,Side view,Action,Yes,8258
737,Deadlight,2012,671,126,545,70,133,1391,0,4237,78,Yes,Platform,Microsoft Studios,,Xbox,Side view,Action,No,2354
738,Crazy Taxi,1999,670,237,433,67,238,786,0,2777,82,Yes,Racing,Sega,Crazy Taxi,Multi-platform,Third person,Action,No,1805
739,Age of Empires,1997,668,668,0,84,666,234,0,0,,No,Strategy,Microsoft,,PC,Bird view / Isometric,Historical,Yes,289
740,Crysis Warhead,2008,666,242,424,76,244,762,0,2556,84,Yes,Shooter,Electronic Arts,Crysis,PC,First person,Action,No,336
741,Mario Kart 8,2014,665,665,0,89,678,227,0,0,,No,Racing,Nintendo,Mario Bros.,Nintendo,Third person,Action,Yes,2350
742,Serious Sam II,2005,664,182,482,75,184,1048,0,3339,74,Yes,Shooter,Take-Two Interactive,,Xbox,First person,Action,Yes,787
743,Kingdoms of Amalur: Reckoning,2012,663,186,477,78,197,958,0,2695,81,Yes,Role-playing (RPG),Electronic Arts,,Multi-platform,Third person,Action,No,1059
744,Halo 2,2004,661,661,0,82,663,235,0,0,,No,Shooter,Microsoft Game Studios,Halo,Xbox,First person,Action,Yes,986
745,Just Cause 4,2018,660,142,518,68,156,1199,0,3590,68,Yes,Shooter,Square Enix,,Multi-platform,Third person,Action,No,103261
746,Dragon Ball FighterZ,2018,659,218,441,86,234,794,0,2760,86,Yes,Fighting,Bandai Namco Entertainment,Dragon Ball,Multi-platform,Side view,Action,Yes,36911
747,Bloodstained: Ritual of the Night,2019,659,200,459,83,211,881,0,3423,81,Yes,Platform,505 Games,Bloodstained,Multi-platform,Side view,Action,Yes,10760
748,The Lord of the Rings: The Return of the King,2003,657,264,393,76,266,687,0,3441,66,Yes,Hack and slash/Beat 'em up,Aspyr Media,The Lord of the Rings,Multi-platform,Third person,Action,Yes,2973
749,Elite: Dangerous,2014,655,179,476,81,200,937,0,3887,80,Yes,Shooter,Frontier Developments,,Multi-platform,First person,Action,Yes,2955
750,Tropico 5,2014,655,112,543,73,126,1463,0,3805,75,Yes,Role-playing (RPG),Kalypso Media,,Multi-platform,Bird view / Isometric,Historical,Yes,3211
751,LEGO Harry Potter: Years 1-4,2010,654,213,441,78,220,844,0,2747,79,Yes,Platform,Feral Interactive,Harry Potter,Multi-platform,Third person,Action,Yes,3149
752,Risk of Rain,2013,650,157,493,81,160,1182,0,3706,77,Yes,Shooter,Chucklefish Games,,Multi-platform,Side view,Action,Yes,3173
753,Project Zomboid,2013,648,191,457,82,190,999,0,3864,,Yes,Role-playing (RPG),The Indie Stone,,PC,Bird view / Isometric,Horror,Yes,3189
754,Clair Obscur: Expedition 33,2025,647,647,0,89,640,243,0,0,,No,Role-playing (RPG),Kepler Interactive,,Multi-platform,Third person,Action,No,305152
755,DayZ,2018,641,175,466,60,176,1090,0,3165,44,Yes,Shooter,Bohemia Interactive,,Multi-platform,First person,Action,Yes,2117
756,Crusader Kings III,2020,640,181,459,87,184,1039,0,2843,86,Yes,Role-playing (RPG),Paradox Interactive,,Multi-platform,Bird view / Isometric,Historical,Yes,124954
757,Kane & Lynch 2: Dog Days,2010,640,125,515,69,132,1403,0,3534,66,Yes,Shooter,Square Enix,,Multi-platform,Third person,Action,Yes,488
758,Shadow Tactics: Blades of the Shogun,2016,639,176,463,85,186,1024,0,4659,85,Yes,Real Time Strategy (RTS),Daedalic Entertainment,,Multi-platform,Bird view / Isometric,Action,No,19085
759,State of Decay 2,2018,637,123,514,71,135,1370,0,2768,68,Yes,Role-playing (RPG),Microsoft Studios,,Xbox,Third person,Action,Yes,19541
760,Phasmophobia,2020,636,206,430,68,204,914,0,3602,,Yes,Puzzle,Kinetic Games,,Multi-platform,First person,Action,Yes,132516
761,Sid Meier's Civilization III,2001,636,172,464,80,172,1118,0,5588,90,Yes,Simulator,MacSoft Games,Sid Meier,PC,Bird view / Isometric,Fantasy,No,310
762,Tropico 4,2011,636,124,512,77,127,1451,0,5751,78,Yes,Real Time Strategy (RTS),Kalypso Media,,Xbox,Bird view / Isometric,Comedy,No,2595
763,Europa Universalis IV,2013,635,240,395,86,242,769,0,2878,87,Yes,Real Time Strategy (RTS),Paradox Interactive,Europa Universalis,PC,Bird view / Isometric,Fantasy,Yes,1904
764,Moonlighter,2018,635,140,495,76,153,1215,0,3719,82,Yes,Role-playing (RPG),Netflix,,Multi-platform,Bird view / Isometric,Action,No,27771
765,Dying Light 2: Stay Human,2022,634,198,436,74,206,901,0,3230,77,Yes,Role-playing (RPG),Techland Publishing,Dying Light,Multi-platform,First person,Action,Yes,102584
766,Fallout: A Post Nuclear Role Playing Game,1997,632,632,0,85,631,251,0,0,,No,Role-playing (RPG),Edusoft,Fallout,PC,Bird view / Isometric,Science fiction,No,13
767,Antichamber,2013,631,199,432,82,205,907,0,3247,82,Yes,Platform,Demruth,,PC,First person,Science fiction,No,2064
768,The Crew,2014,631,161,470,64,177,1083,0,2565,71,Yes,Racing,Ubisoft Entertainment,,Multi-platform,First person,Action,Yes,2137
769,Jak II,2003,629,219,410,85,219,851,0,2802,,Yes,Shooter,Sony Computer Entertainment,Jak and Daxter,PlayStation,Third person,Action,No,1529
770,Observer,2017,626,151,475,75,162,1170,0,3034,77,Yes,Adventure,Aspyr Media,,Multi-platform,First person,Science fiction,No,19545
771,Dead Island: Riptide,2013,623,147,476,66,158,1193,0,3108,60,Yes,Shooter,Deep Silver,,Multi-platform,First person,Action,Yes,1833
772,Tomb Raider II,1997,622,320,302,80,318,557,0,3281,69,Yes,Shooter,Eidos Interactive,Tomb Raider,PlayStation,Third person,Action,No,1156
773,Crysis 2,2011,621,621,0,82,628,253,0,0,,No,Shooter,Electronic Arts,,Multi-platform,First person,Action,Yes,471
774,Just Cause,2006,620,175,445,62,176,1091,0,4139,75,Yes,Shooter,Eidos Interactive,,Multi-platform,Third person,Action,No,1042
775,Loop Hero,2021,620,145,475,80,150,1234,0,2749,83,Yes,Role-playing (RPG),Devolver Digital,,Multi-platform,Bird view / Isometric,Fantasy,No,141533
776,SteamWorld Dig 2,2017,619,188,431,86,198,950,0,3626,88,Yes,Platform,Image & Form,,Multi-platform,Side view,Action,No,27433
777,We Were Here,2017,617,139,478,67,139,1325,0,3551,63,Yes,Puzzle,Total Mayhem Games,,Multi-platform,First person,Action,Yes,27310
778,Dirt 3,2011,614,204,410,82,211,882,0,2829,87,Yes,Racing,Codemasters,Colin McRae,Multi-platform,First person,Non-fiction,Yes,524
779,Pyre,2017,613,128,485,84,146,1263,0,2928,84,Yes,Role-playing (RPG),Supergiant Games,,PlayStation,First person,Action,Yes,18822
780,Kane & Lynch: Dead Men,2007,610,150,460,62,150,1239,0,3143,67,Yes,Shooter,Eidos Interactive,,Multi-platform,Third person,Action,Yes,7032
781,Full Throttle,1995,609,177,432,85,178,1080,0,3023,77,Yes,Point-and-click,LucasArts,,PC,Side view,Science fiction,No,180
782,Sonic the Hedgehog,1991,606,606,0,83,607,262,0,0,,No,Platform,Sega,Sonic The Hedgehog,Multi-platform,Side view,Action,No,3192
783,Pokemon Emerald Version,2004,602,602,0,73,600,264,0,0,,No,Role-playing (RPG),Nintendo,Pokemon,Other,Bird view / Isometric,Action,Yes,1517
784,Alpha Protocol,2010,602,147,455,67,152,1223,0,3790,72,Yes,Shooter,Sega,,Multi-platform,Third person,Action,No,2539
785,Condemned: Criminal Origins,2005,601,179,422,77,183,1051,0,3140,80,Yes,Shooter,WB Games,,Xbox,First person,Action,No,6942
786,Mario Kart 8 Deluxe,2017,597,597,0,89,612,258,0,0,,No,Racing,Nintendo,Mario,Nintendo,Third person,Action,Yes,26764
787,Kerbal Space Program,2015,597,192,405,87,199,945,0,4314,88,Yes,Simulator,Private Division,,Multi-platform,First person,Science fiction,No,3102
788,Sonic the Hedgehog 2,1992,595,595,0,88,596,266,0,0,,No,Platform,Sega,Sonic The Hedgehog,Multi-platform,Side view,Action,Yes,4438
789,"Warhammer 40,000: Dawn of War",2004,595,204,391,86,208,894,0,3410,85,Yes,Real Time Strategy (RTS),THQ,"Warhammer 40,000",PC,Bird view / Isometric,Science fiction,Yes,257
790,Marvel's Avengers,2020,593,155,438,66,167,1142,0,2995,68,Yes,Role-playing (RPG),Square Enix,Marvel,Multi-platform,Third person,Action,Yes,26950
791,The Callisto Protocol,2022,593,138,455,67,144,1280,0,3790,72,Yes,Shooter,Krafton,,Multi-platform,Third person,Action,No,141538
792,Aliens vs. Predator,2010,592,170,422,72,173,1111,0,2738,68,Yes,Shooter,Sega,Alien,Multi-platform,First person,Action,Yes,560
793,Teenage Mutant Ninja Turtles: Shredder's Revenge,2022,591,152,439,82,160,1179,0,2703,86,Yes,Hack and slash/Beat 'em up,DotEmu,Teenage Mutant Ninja Turtles,Multi-platform,Side view,Action,Yes,144465
794,Raft,2022,591,148,443,78,149,1245,0,2944,,Yes,Simulator,Axolot Games,,Multi-platform,First person,Survival,Yes,27082
795,Mario Kart 64,1996,588,588,0,82,584,271,0,0,,No,Racing,Nintendo,Mario Bros.,Nintendo,Third person,Action,Yes,2342
796,Shadow Warrior,2013,587,210,377,74,217,858,0,4536,73,Yes,Shooter,Devolver Digital,,Multi-platform,First person,Action,No,6057
797,Mini Metro,2015,586,134,452,88,135,1371,0,2587,77,Yes,Puzzle,Playdigious,,Multi-platform,Bird view / Isometric,Business,No,7767
798,Donkey Kong Country,1994,585,585,0,83,583,272,0,0,,No,Platform,Nintendo,Donkey Kong,Nintendo,Side view,Action,Yes,1090
799,LEGO The Hobbit,2014,584,116,468,71,126,1461,0,5483,70,Yes,Puzzle,WB Games,The Hobbit,Multi-platform,Third person,Action,Yes,4844
800,Emily is Away,2015,583,146,437,67,146,1264,0,2539,,Yes,Simulator,Kyle Seeley,,PC,Text,Romance,No,14762
801,PUBG: Battlegrounds,2017,581,581,0,73,589,269,0,0,,No,Shooter,Bluehole Studio,,Multi-platform,First person,Action,Yes,27789
802,Pokemon Red Version,1996,581,581,0,80,581,274,0,0,,No,Role-playing (RPG),Gradiente,Pokemon,Nintendo,Bird view / Isometric,Action,Yes,1561
803,GreedFall,2019,581,177,404,72,188,1010,0,3242,74,Yes,Role-playing (RPG),Focus Entertainment,,Multi-platform,Third person,Action,No,27092
804,Psychonauts 2,2021,579,187,392,87,195,968,0,2901,88,Yes,Platform,Double Fine Productions,,Multi-platform,Third person,Action,No,14741
805,Tyranny,2016,579,117,462,82,126,1456,0,2903,80,Yes,Real Time Strategy (RTS),Paradox Interactive,,PC,Bird view / Isometric,Action,No,18398
806,Monkey Island 2: LeChuck's Revenge,1991,578,578,0,88,576,276,0,0,,No,Point-and-click,LucasArts,,PC,Side view,Action,No,61
807,Super Hexagon,2012,577,136,441,81,139,1334,0,3132,88,Yes,Music,Terry Cavanagh,,PC,Side view,Action,No,3251
808,Diablo,1996,575,575,0,84,572,282,0,0,,No,Role-playing (RPG),Electronic Arts,Diablo,PlayStation,Bird view / Isometric,Action,Yes,125
809,Enslaved: Odyssey to the West,2010,575,212,363,81,221,839,0,2987,70,Yes,Platform,Namco Bandai Games,,Multi-platform,Third person,Action,No,2538
810,Downwell,2015,575,118,457,77,126,1457,0,2606,81,Yes,Shooter,Devolver Digital,,Multi-platform,Side view,Action,No,13677
811,Super Smash Bros. Brawl,2008,573,573,0,87,576,275,0,0,,No,Fighting,Nintendo,Metroid,Nintendo,Side view,Action,Yes,1628
812,Mario Kart Wii,2008,572,572,0,76,575,278,0,0,,No,Racing,Nintendo,Mario Bros.,Nintendo,Third person,Action,Yes,2183
813,Tunic,2022,571,213,358,87,217,857,0,2587,86,Yes,Puzzle,Finji,,Multi-platform,Bird view / Isometric,Action,No,23733
814,Warcraft III: The Frozen Throne,2003,565,565,0,88,565,287,0,0,,No,Real Time Strategy (RTS),Blizzard Entertainment,Warcraft,PC,Bird view / Isometric,Fantasy,Yes,133
815,Hearts of Iron IV,2016,565,190,375,82,194,972,0,2739,83,Yes,Real Time Strategy (RTS),Paradox Interactive,,PC,Bird view / Isometric,Historical,Yes,15894
816,Call of Duty: Black Ops Cold War,2020,564,188,376,75,196,961,0,2572,76,Yes,Shooter,Activision,Call of Duty,Multi-platform,First person,Action,Yes,137001
817,Yakuza Kiwami 2,2017,563,158,405,85,171,1120,0,3096,85,Yes,Role-playing (RPG),Sega,Yakuza: Like a Dragon,Multi-platform,Third person,Action,Yes,55090
818,Ni no Kuni II: Revenant Kingdom,2018,561,126,435,82,140,1315,0,2705,82,Yes,Role-playing (RPG),Bandai Namco Entertainment,Ni no Kuni,Multi-platform,Third person,Action,No,14748
819,Metal Slug 3,2000,556,189,367,82,195,970,0,2731,,Yes,Shooter,D4 Enterprise,Metal Slug,Multi-platform,Side view,Action,Yes,1408
820,Tales from the Borderlands,2014,552,552,0,87,562,290,0,0,,No,Point-and-click,Telltale Games,Borderlands,Multi-platform,Third person,Action,No,6707
821,Silent Hill,1999,552,552,0,83,553,297,0,0,,No,Puzzle,Konami,Silent Hill,PlayStation,Third person,Action,No,480
822,Scribblenauts Unlimited,2012,551,127,424,72,137,1353,0,3752,75,Yes,Platform,WB Games,,Nintendo,Side view,Kids,No,2943
823,Watch Dogs: Legion,2020,548,138,410,74,150,1235,0,2614,72,Yes,Shooter,Ubisoft Entertainment,Watch_Dogs,Multi-platform,Third person,Action,Yes,100413
824,Tekken 3,1997,546,546,0,84,544,303,0,0,,No,Fighting,Namco,Tekken,Other,Side view,Action,Yes,1244
825,Code Vein,2019,546,184,362,72,195,967,0,2990,72,Yes,Role-playing (RPG),Bandai Namco Entertainment,,Multi-platform,Third person,Action,Yes,28168
826,Dear Esther,2012,545,178,367,72,182,1056,0,2741,75,Yes,Adventure,The Chinese Room,,PC,First person,Fantasy,No,3082
827,Sonic Adventure 2,2001,545,178,367,77,179,1068,0,2770,89,Yes,Platform,Sega,Sonic The Hedgehog,Other,Third person,Action,Yes,7858
828,Sonic & All-Stars Racing Transformed,2012,545,150,395,80,159,1187,0,3202,79,Yes,Racing,Sega,Sonic The Hedgehog,Multi-platform,Third person,Action,Yes,2174
829,Valkyria Chronicles,2008,545,132,413,88,140,1317,0,3318,85,Yes,Role-playing (RPG),Sega,Valkyria,PlayStation,Third person,Action,No,7477
830,Super Mario Bros. 2,1988,543,543,0,76,543,306,0,0,,No,Platform,Nintendo,Mario Bros.,Nintendo,Side view,Action,No,1067
831,The Lord of the Rings: War in the North,2011,542,149,393,68,157,1197,0,3441,66,Yes,Role-playing (RPG),WB Games,The Lord of the Rings,Multi-platform,Third person,Action,Yes,1052
832,Gang Beasts,2017,540,142,398,69,145,1275,0,2849,,Yes,Fighting,Double Fine Productions,,Multi-platform,Bird view / Isometric,Action,Yes,11177
833,Two Point Hospital,2018,540,134,406,82,143,1291,0,3063,84,Yes,Simulator,Sega,,Multi-platform,Bird view / Isometric,Comedy,No,82117
834,Medieval II: Total War,2006,539,239,300,88,242,771,0,2688,88,Yes,Real Time Strategy (RTS),Sega,Total War,PC,Bird view / Isometric,Historical,Yes,440
835,Pokemon FireRed Version,2004,537,537,0,83,536,314,0,0,,No,Role-playing (RPG),Nintendo,Pokemon,Other,Bird view / Isometric,Action,Yes,1559
836,Little Inferno,2012,537,149,388,70,157,1196,0,2881,68,Yes,Puzzle,Experimental Gameplay Group,,Nintendo,Side view,Action,No,1363
837,Fall Guys,2020,535,535,0,75,537,310,0,0,,No,Platform,Epic Games,,Multi-platform,Third person,Action,Yes,119313
838,Children of Morta,2019,533,140,393,77,150,1237,0,3293,80,Yes,Role-playing (RPG),11 bit studios,,Multi-platform,Bird view / Isometric,Action,Yes,36198
839,Grand Theft Auto 2,1999,532,532,0,74,531,319,0,0,,No,Shooter,Take-Two Interactive,Grand Theft Auto,PC,Bird view / Isometric,Action,Yes,819
840,Satisfactory,2024,530,192,338,84,193,978,0,2910,,Yes,Simulator,Coffee Stain Publishing,,Multi-platform,First person,Science fiction,Yes,90558
841,Yakuza: Like a Dragon,2020,530,163,367,85,178,1071,0,2798,85,Yes,Role-playing (RPG),Sega,Yakuza: Like a Dragon,Multi-platform,First person,Action,No,36550
842,Halo 4,2012,526,526,0,83,537,312,0,0,,No,Shooter,Microsoft Studios,Halo,Xbox,First person,Action,Yes,991
843,Arma 3,2013,525,128,397,75,133,1392,0,3120,74,Yes,Shooter,Bohemia Interactive Studio,,PC,First person,Action,Yes,1881
844,Paper Mario: The Thousand-Year Door,2004,523,523,0,91,522,333,0,0,,No,Role-playing (RPG),Nintendo,Mario,Nintendo,Third person,Action,No,3349
845,Tom Clancy's Rainbow Six Siege X,2015,522,522,0,76,537,311,0,0,,No,Shooter,Ubisoft Entertainment,Tom Clancy’s,Multi-platform,First person,Action,Yes,7360
846,Baldur's Gate II: Shadows of Amn,2000,522,522,0,90,520,335,0,0,,No,Role-playing (RPG),MacPlay,Dungeons & Dragons,PC,Bird view / Isometric,Fantasy,Yes,6
847,"Warhammer 40,000: Dawn of War II",2009,520,129,391,80,134,1384,0,3410,85,Yes,Real Time Strategy (RTS),Feral Interactive,"Warhammer 40,000",PC,Bird view / Isometric,Science fiction,Yes,466
848,The Sims 2,2004,519,519,0,75,523,332,0,0,,No,Role-playing (RPG),Aspyr Media,The Sims,PC,Bird view / Isometric,Fantasy,No,224
849,Pokemon Yellow Version: Special Pikachu Edition,1998,516,516,0,81,517,339,0,0,,No,Role-playing (RPG),Gradiente,Pokemon,Nintendo,Bird view / Isometric,Fantasy,Yes,1512
850,Doom II: Hell on Earth,1994,516,516,0,85,517,340,0,0,,No,Shooter,Imagineer,Doom,PC,First person,Action,Yes,312
851,The Lord of the Rings Online,2007,514,121,393,82,124,1487,0,3441,66,Yes,Role-playing (RPG),Midway Games,The Lord of the Rings,PC,First person,Action,Yes,3092
852,Spiritfarer,2020,509,130,379,87,136,1356,0,2771,84,Yes,Platform,Thunder Lotus,,Multi-platform,Side view,Action,Yes,119304
853,Final Fantasy VIII,1999,507,507,0,86,506,346,0,0,,No,Role-playing (RPG),Square Electronic Arts,Final Fantasy,PlayStation,Third person,Fantasy,No,425
854,Call of Cthulhu,2018,507,134,373,67,142,1300,0,2551,66,Yes,Role-playing (RPG),Focus Entertainment,,Multi-platform,First person,Action,No,9176
855,The Sims,2000,506,506,0,82,507,344,0,0,,No,Simulator,TransGaming Technologies,The Sims,PC,Bird view / Isometric,Fantasy,No,223
856,Star Wars: The Old Republic,2011,505,221,284,80,227,818,0,2994,85,Yes,Role-playing (RPG),Electronic Arts,Star Wars,PC,Third person,Fantasy,Yes,114
857,Wreckfest,2018,505,124,381,75,137,1352,0,2701,79,Yes,Racing,THQ Nordic,,Multi-platform,First person,Action,Yes,3772
858,Alan Wake Remastered,2021,502,129,373,80,134,1375,0,2586,73,Yes,Shooter,Epic Games Publishing,,Multi-platform,Third person,Action,No,167611
859,Oxygen Not Included,2019,502,127,375,78,127,1449,0,2770,86,Yes,Simulator,Klei Entertainment,,PC,Side view,Science fiction,No,19542
860,LEGO Batman 2: DC Super Heroes,2012,500,140,360,77,150,1240,0,3094,75,Yes,Platform,Feral Interactive,LEGO,Multi-platform,Third person,Action,Yes,6836
861,Day of the Tentacle Remastered,2016,492,112,380,80,123,1500,0,3246,86,Yes,Point-and-click,Double Fine Productions,,Multi-platform,Side view,Fantasy,No,15862
862,The Secret of Monkey Island: Special Edition,2009,491,160,331,82,162,1173,0,2737,86,Yes,Point-and-click,LucasArts,,Multi-platform,Side view,Historical,No,65
863,DuckTales: Remastered,2013,485,112,373,76,124,1489,0,2586,73,Yes,Platform,Disney Interactive,DuckTales,Multi-platform,Side view,Action,No,2904
864,Crash Bandicoot 2: Cortex Strikes Back,1997,479,479,0,83,478,367,0,0,,No,Platform,Universal Interactive Studios,Crash Bandicoot,PlayStation,Third person,Action,No,1186
865,Mount & Blade,2008,478,120,358,68,124,1491,0,3074,72,Yes,Shooter,Paradox Interactive,,PC,Third person,Action,No,2021
866,Pokemon Blue Version,1996,474,474,0,86,474,369,0,0,,No,Role-playing (RPG),Nintendo,Pokemon,Nintendo,Bird view / Isometric,Fantasy,Yes,1511
867,Animal Crossing: New Horizons,2020,473,473,0,86,483,357,0,0,,No,Simulator,Nintendo,Animal Crossing,Nintendo,Bird view / Isometric,Sandbox,Yes,109462
868,Valorant,2020,473,473,0,75,479,363,0,0,,No,Shooter,Riot Games,,Multi-platform,First person,Action,Yes,126459
869,Pokemon Go,2016,470,470,0,65,480,360,0,0,,No,Role-playing (RPG),Niantic Labs,Pokemon,Other,Third person,Action,Yes,12515
870,Donkey Kong Country 2: Diddy's Kong Quest,1995,470,470,0,80,467,373,0,0,,No,Platform,Nintendo,Donkey Kong,Nintendo,Side view,Action,Yes,1092
871,Tales of Berseria,2016,468,132,336,81,144,1283,0,2900,80,Yes,Role-playing (RPG),Bandai Namco Entertainment Europe,Tales of,PlayStation,Third person,Action,Yes,18812
872,Command & Conquer: Red Alert 3,2008,460,217,243,75,220,846,0,3080,64,Yes,Real Time Strategy (RTS),Electronic Arts,Command & Conquer,Multi-platform,Bird view / Isometric,Action,Yes,959
873,Age of Mythology,2002,459,459,0,79,462,378,0,0,,No,Real Time Strategy (RTS),Microsoft Game Studios,,PC,Bird view / Isometric,Fantasy,Yes,324
874,Dungeon Keeper,1997,458,175,283,47,174,1103,0,3224,81,Yes,Real Time Strategy (RTS),Electronic Arts,,PC,Bird view / Isometric,Action,Yes,35
875,The Elder Scrolls Online,2014,454,344,110,71,358,500,0,3102,,Yes,Role-playing (RPG),Bethesda Softworks,The Elder Scrolls,Multi-platform,First person,Action,Yes,1081
876,Return to Castle Wolfenstein,2001,449,449,0,73,452,387,0,0,,No,Shooter,id Software,Wolfenstein,Multi-platform,First person,Action,Yes,281
877,No More Heroes,2007,449,123,326,80,128,1442,0,3135,81,Yes,Hack and slash/Beat 'em up,Marvelous,,Nintendo,Third person,Action,No,2272
878,Cave Story,2004,445,128,317,84,130,1423,0,2866,83,Yes,Shooter,Oonaki WWW,,Nintendo,Side view,Action,No,6189
879,Back 4 Blood,2021,445,115,330,73,124,1480,0,2881,76,Yes,Shooter,Warner Bros. Interactive Entertainment,,Multi-platform,First person,Action,Yes,116200
880,Super Mario Kart,1992,441,441,0,86,440,397,0,0,,No,Racing,Nintendo,Mario Bros.,Nintendo,Third person,Fantasy,Yes,2332
881,Devil May Cry 4,2008,439,439,0,80,444,393,0,0,,No,Hack and slash/Beat 'em up,Capcom,Devil May Cry,Multi-platform,Third person,Action,No,112
882,Space Invaders,1978,438,170,268,78,170,1126,0,2919,68,Yes,Shooter,Midway Manufacturing,Space Invaders,Other,Bird view / Isometric,Science fiction,No,3601
883,Crash Team Racing,1999,434,434,0,84,432,407,0,0,,No,Racing,Sony Computer Entertainment,Crash Bandicoot,PlayStation,Third person,Action,Yes,1192
884,Dungeon Keeper 2,1999,433,148,285,87,148,1258,0,3093,,Yes,Real Time Strategy (RTS),Electronic Arts,,PC,First person,Action,Yes,36
885,Mortal Kombat,2011,430,430,0,83,434,406,0,0,,No,Fighting,WB Games,Mortal Kombat,Multi-platform,Side view,Action,Yes,119
886,Tell Me Why,2020,429,132,297,78,141,1306,0,4546,76,Yes,Adventure,Xbox Game Studios,,Xbox,Third person,Drama,No,125628
887,Gothic II,2002,428,428,0,84,429,415,0,0,,No,Role-playing (RPG),JoWooD Entertainment AG,,PC,Third person,Action,No,2262
888,Super Mario 3D World,2013,426,426,0,89,439,399,0,0,,No,Platform,Nintendo,Mario,Nintendo,Third person,Action,Yes,2180
889,Tacoma,2017,425,120,305,74,136,1361,0,2592,78,Yes,Adventure,Fullbright,,Multi-platform,First person,Science fiction,No,8259
890,Wii Sports,2006,419,419,0,75,418,425,0,0,,No,Simulator,Nintendo,,Nintendo,First person,Party,Yes,2181
891,The Legend of Zelda: The Minish Cap,2004,419,419,0,87,418,426,0,0,,No,Puzzle,Nintendo,The Legend of Zelda,Nintendo,Bird view / Isometric,Action,No,1035
892,Command & Conquer: Red Alert 2,2000,417,417,0,88,416,430,0,0,,No,Real Time Strategy (RTS),Electronic Arts,Command & Conquer,PC,Bird view / Isometric,Fantasy,Yes,245
893,Pokemon Crystal Version,2000,417,417,0,87,415,432,0,0,,No,Role-playing (RPG),Nintendo,Pokemon,Nintendo,Bird view / Isometric,Action,Yes,1514
894,Star Wars: Dark Forces,1995,416,156,260,72,158,1194,0,3100,,Yes,Shooter,Bullet-Proof Software,Star Wars,PlayStation,First person,Action,No,157
895,Pokemon Platinum Version,2008,411,411,0,81,413,434,0,0,,No,Role-playing (RPG),Nintendo,Pokemon,Nintendo,Bird view / Isometric,Action,Yes,1519
896,Indiana Jones and the Fate of Atlantis,1992,411,411,0,90,408,439,0,0,,No,Point-and-click,U.S. Gold,Indiana Jones,PC,Bird view / Isometric,Action,No,184
897,Planet Coaster,2016,407,113,294,83,125,1468,0,2812,83,Yes,Simulator,Frontier Developments,,PC,Bird view / Isometric,Action,No,18829
898,Tony Hawk's Pro Skater 2,2000,406,406,0,86,404,444,0,0,,No,Sport,Aspyr Media,Tony Hawk's,Multi-platform,Third person,Action,Yes,913
899,Quake III Arena,1999,404,404,0,85,406,441,0,0,,No,Shooter,Electronic Arts,,Multi-platform,First person,Action,Yes,355
900,X-COM: UFO Defense,1994,403,129,274,85,131,1416,0,3649,,Yes,Strategy,2K Games,X-COM,PlayStation,Bird view / Isometric,Science fiction,No,24
901,GoldenEye 007,1997,402,402,0,87,402,446,0,0,,No,Shooter,Nintendo,James Bond,Nintendo,First person,Action,Yes,1638
902,Planescape: Torment,1999,402,402,0,79,399,451,0,0,,No,Puzzle,Interplay Entertainment,Dungeons & Dragons,PC,Bird view / Isometric,Fantasy,No,832
903,Star Wars: Squadrons,2020,402,128,274,75,140,1314,0,2606,79,Yes,Shooter,Electronic Arts,Star Wars,Multi-platform,First person,Action,Yes,134706
904,Pokemon Silver Version,1999,400,400,0,86,400,449,0,0,,No,Role-playing (RPG),Nintendo,Pokemon,Nintendo,Bird view / Isometric,Action,Yes,1513
905,Mario Kart DS,2005,400,400,0,86,399,450,0,0,,No,Racing,Nintendo,Mario Bros.,Nintendo,Third person,Kids,Yes,2345
906,Star Wars: Rogue Squadron,1998,398,124,274,77,124,1495,0,2606,79,Yes,Shooter,Nintendo,Star Wars,Nintendo,Third person,Action,No,163
907,Indigo Prophecy,2005,392,392,0,84,395,454,0,0,,No,Adventure,"Atari, Inc.",,Multi-platform,Third person,Action,No,1928
908,The Legend of Zelda: Skyward Sword,2011,388,388,0,87,394,459,0,0,,No,Puzzle,Nintendo,The Legend of Zelda,Nintendo,Third person,Action,No,534
909,The Legend of Zelda: The Wind Waker HD,2013,384,384,0,90,394,457,0,0,,No,Puzzle,Nintendo,The Legend of Zelda,Nintendo,Third person,Action,No,2276
910,Pokemon Gold Version,1999,384,384,0,87,386,471,0,0,,No,Role-playing (RPG),Gradiente,Pokemon,Nintendo,Bird view / Isometric,Action,Yes,1558
911,Beyond Good & Evil,2003,383,383,0,88,387,468,0,0,,No,Shooter,Ubisoft Entertainment,,Multi-platform,First person,Action,No,1341
912,Pokemon SoulSilver Version,2009,383,383,0,90,385,473,0,0,,No,Role-playing (RPG),The Pokemon Company,Pokemon,Nintendo,Third person,Action,Yes,1520
913,Mega Man 2,1989,382,382,0,85,381,479,0,0,,No,Platform,Capcom,Mega Man,Nintendo,Side view,Action,No,1715
914,Super Mario 3D Land,2011,378,378,0,85,387,469,0,0,,No,Platform,Nintendo,Mario Bros.,Nintendo,Third person,Action,No,1079
915,Warcraft II: Tides of Darkness,1995,377,377,0,89,378,483,0,0,,No,Real Time Strategy (RTS),Electronic Arts Victor,Warcraft,PlayStation,Bird view / Isometric,Fantasy,Yes,130
916,Mario Kart: Double Dash!!,2003,375,375,0,84,376,484,0,0,,No,Racing,Nintendo,Mario Bros.,Nintendo,Third person,Action,Yes,2344
917,Roblox,2006,371,371,0,71,344,518,0,0,,No,Platform,Roblox Corporation,,Multi-platform,First person,Action,Yes,17269
918,Street Fighter II,1991,370,370,0,83,370,488,0,0,,No,Fighting,Capcom,Street Fighter,Other,Side view,Action,Yes,3186
919,Batman: The Telltale Series,2016,368,368,0,74,381,478,0,0,,No,Point-and-click,Telltale Games,Batman,Multi-platform,Third person,Action,No,14746
920,Guitar Hero III: Legends of Rock,2007,368,368,0,84,371,486,0,0,,No,Music,Activision,,Multi-platform,Auditory,Party,Yes,2671
921,Devil May Cry 3: Dante's Awakening,2005,368,368,0,82,369,490,0,0,,No,Shooter,Capcom,Devil May Cry,PlayStation,Third person,Action,No,136
922,Command & Conquer: Red Alert,1996,358,358,0,85,356,503,0,0,,No,Real Time Strategy (RTS),Sony Computer Entertainment,Command & Conquer,PlayStation,Bird view / Isometric,Science fiction,Yes,295
923,Diablo II: Lord of Destruction,2001,357,357,0,89,356,504,0,0,,No,Role-playing (RPG),Blizzard Entertainment,Diablo,PC,Bird view / Isometric,Action,Yes,246
924,Pokemon Black Version,2010,355,355,0,85,357,501,0,0,,No,Role-playing (RPG),Nintendo,Pokemon,Nintendo,Bird view / Isometric,Action,Yes,1521
925,Banjo-Kazooie,1998,353,353,0,82,352,505,0,0,,No,Platform,Nintendo,Banjo & Kazooie,Nintendo,Third person,Action,No,2148
926,Spyro the Dragon,1998,350,350,0,79,349,511,0,0,,No,Platform,Universal Interactive Studios,Spyro the Dragon,PlayStation,Third person,Action,No,1576
927,Infamous,2009,349,349,0,81,356,502,0,0,,No,Shooter,Sony Computer Entertainment,,PlayStation,Third person,Action,No,523
928,Battlefield 2,2005,348,348,0,87,352,506,0,0,,No,Shooter,Electronic Arts,Battlefield,PC,First person,Action,Yes,277
929,Pokemon Ruby Version,2002,348,348,0,81,346,513,0,0,,No,Role-playing (RPG),Nintendo,Pokemon,Other,Bird view / Isometric,Action,Yes,1557
930,Metal Gear Solid 3: Subsistence,2005,343,343,0,95,345,516,0,0,,No,Shooter,Konami,Metal Gear,PlayStation,First person,Action,No,479
931,Diablo IV,2023,343,343,0,83,344,517,0,0,,No,Role-playing (RPG),Blizzard Entertainment,Diablo,Multi-platform,Bird view / Isometric,Action,Yes,125165
932,Danganronpa: Trigger Happy Havoc,2010,342,342,0,82,351,508,0,0,,No,Point-and-click,NIS America,Danganronpa,PlayStation,First person,Action,No,7842
933,Pokemon HeartGold Version,2009,338,338,0,87,341,525,0,0,,No,Role-playing (RPG),Nintendo,Pokemon,Nintendo,Third person,Action,Yes,1556
934,Baldur's Gate,1998,337,337,0,86,337,529,0,0,,No,Role-playing (RPG),Interplay Entertainment,Dungeons & Dragons,PC,Bird view / Isometric,Fantasy,Yes,5
935,Bully,2006,336,336,0,86,336,532,0,0,,No,Adventure,Take-Two Interactive,,PlayStation,Third person,Action,Yes,2720
936,The Last of Us: Left Behind,2014,334,334,0,86,341,523,0,0,,No,Shooter,Sony Computer Entertainment,The Last of Us,PlayStation,Third person,Action,No,11790
937,Castlevania,1986,332,332,0,79,331,537,0,0,,No,Platform,Nintendo,Castlevania,Nintendo,Side view,Action,No,1114
938,Medal of Honor: Allied Assault,2002,331,331,0,81,331,538,0,0,,No,Shooter,Electronic Arts,,PC,First person,Action,Yes,326
939,Command & Conquer,1995,330,330,0,84,327,545,0,0,,No,Real Time Strategy (RTS),Virgin Interactive Entertainment (Europe) Ltd.,Command & Conquer,Multi-platform,Bird view / Isometric,Science fiction,Yes,647
940,New Super Mario Bros. Wii,2009,329,329,0,82,333,535,0,0,,No,Platform,Nintendo,Mario,Nintendo,Side view,Action,Yes,2178
941,Thief II: The Metal Age,2000,327,150,177,89,150,1244,0,2721,87,Yes,Shooter,Eidos Interactive,,PC,First person,Action,No,1
942,Super Smash Bros. for Wii U,2014,326,326,0,89,336,531,0,0,,No,Fighting,Nintendo,Metroid,Nintendo,Side view,Action,Yes,9602
943,Pokemon Diamond Version,2006,325,325,0,81,327,544,0,0,,No,Role-playing (RPG),Nintendo,Pokemon,Nintendo,Bird view / Isometric,Action,Yes,1560
944,Starfield,2023,322,322,0,81,327,541,0,0,,No,Shooter,Bethesda Softworks,,Xbox,First person,Action,No,96437
945,The Walking Dead: A New Frontier,2016,321,321,0,72,333,534,0,0,,No,Point-and-click,Skybound Games,The Walking Dead,Multi-platform,Third person,Action,No,19000
946,Fable,2004,321,321,0,87,321,550,0,0,,No,Role-playing (RPG),Microsoft Game Studios,,Xbox,Third person,Action,No,521
947,Mortal Kombat II,1993,319,319,0,76,319,554,0,0,,No,Fighting,Midway,Mortal Kombat,Multi-platform,Side view,Action,Yes,1619
948,Uncharted: The Nathan Drake Collection,2015,318,318,0,86,328,539,0,0,,No,Shooter,Sony Computer Entertainment,Uncharted,PlayStation,Third person,Action,No,10962
949,The Curse of Monkey Island,1997,317,317,0,84,317,560,0,0,,No,Point-and-click,Activision,Monkey Island,PC,Side view,Fantasy,No,62
950,Pokemon Y,2013,316,316,0,85,319,553,0,0,,No,Role-playing (RPG),The Pokemon Company,Pokemon,Nintendo,Third person,Fantasy,Yes,2287
951,Jak and Daxter: The Precursor Legacy,2001,316,316,0,85,316,562,0,0,,No,Platform,Sony Computer Entertainment,Jak and Daxter,PlayStation,Third person,Action,No,1528
952,Final Fantasy XII,2006,315,315,0,88,316,564,0,0,,No,Role-playing (RPG),Square Enix,Final Fantasy,PlayStation,Third person,Action,No,398
953,Balatro,2024,312,312,0,88,316,561,0,0,,No,Strategy,Playstack,,Multi-platform,Bird view / Isometric,Unknown,No,251833
954,Call of Duty 3,2006,312,312,0,73,316,563,0,0,,No,Shooter,Activision,Call of Duty,Multi-platform,First person,Action,Yes,949
955,Guild Wars 2,2012,310,310,0,85,318,556,0,0,,No,Role-playing (RPG),NCSOFT,,PC,First person,Fantasy,Yes,1183
956,Rome: Total War,2004,309,309,0,87,311,575,0,0,,No,Real Time Strategy (RTS),Sega,Total War,PC,Bird view / Isometric,Historical,Yes,438
957,Marvel Rivals,2024,308,308,0,77,311,572,0,0,,No,Shooter,NetEase Games,Marvel,Multi-platform,Third person,Action,Yes,294041
958,Fire Emblem: Three Houses,2019,307,307,0,89,315,565,0,0,,No,Role-playing (RPG),Nintendo,Fire Emblem,Nintendo,Third person,Fantasy,No,26845
959,Wolfenstein 3D,1992,307,307,0,67,308,583,0,0,,No,Shooter,GT Interactive Software,Wolfenstein,Multi-platform,First person,Action,No,284
960,Counter-Strike 2,2023,307,307,0,69,307,584,0,0,,No,Shooter,Valve,,PC,First person,Action,Yes,242408
961,Phoenix Wright: Ace Attorney,2005,306,306,0,81,307,585,0,0,,No,Point-and-click,Capcom,Ace Attorney,Nintendo,First person,Fantasy,No,1426
962,God of War: Chains of Olympus,2008,305,305,0,82,309,578,0,0,,No,Hack and slash/Beat 'em up,Sony Computer Entertainment,God of War,PlayStation,Third person,Action,No,552
963,The Simpsons: Hit & Run,2003,303,303,0,75,306,588,0,0,,No,Platform,Vivendi Universal Games,The Simpsons,Multi-platform,Third person,Action,Yes,2844
964,Heroes of the Storm,2015,302,302,0,76,311,573,0,0,,No,MOBA,Blizzard Entertainment,,PC,Bird view / Isometric,Action,Yes,7313
965,Pokemon X,2013,299,299,0,83,308,580,0,0,,No,Role-playing (RPG),The Pokemon Company,Pokemon,Nintendo,Third person,Fantasy,Yes,2286
966,Pokemon Sapphire Version,2002,298,298,0,83,297,607,0,0,,No,Role-playing (RPG),Nintendo,Pokemon,Other,Bird view / Isometric,Action,Yes,1515
967,Pokemon Sword,2019,294,294,0,77,305,589,0,0,,No,Role-playing (RPG),Nintendo,Pokemon,Nintendo,Third person,Fantasy,Yes,37382
968,Astro's Playroom,2020,294,294,0,82,299,600,0,0,,No,Platform,Sony Interactive Entertainment,,PlayStation,Third person,Action,No,134597
969,Marvel's Spider-Man 2,2023,293,293,0,84,302,593,0,0,,No,Hack and slash/Beat 'em up,Sony Interactive Entertainment,Marvel,PlayStation,Third person,Action,No,127044
970,Lies of P,2023,292,292,0,85,300,598,0,0,,No,Role-playing (RPG),Neowiz,,Multi-platform,Third person,Action,No,148241
971,Mega Man X,1993,290,290,0,85,291,612,0,0,,No,Shooter,Capcom,Mega Man,Nintendo,Side view,Action,No,1741
972,Zelda II: The Adventure of Link,1987,290,290,0,66,289,618,0,0,,No,Platform,Nintendo,The Legend of Zelda,Nintendo,Bird view / Isometric,Action,No,1025
973,Mortal Kombat,1992,288,288,0,76,288,622,0,0,,No,Fighting,Midway Games,Mortal Kombat,Other,Side view,Action,Yes,1618
974,Spider-Man,2000,288,288,0,56,289,617,0,0,,No,Hack and slash/Beat 'em up,Activision,Spider-Man,Multi-platform,Third person,Action,No,3603
975,The Legend of Zelda: Link's Awakening,2019,287,287,0,85,301,594,0,0,,No,Puzzle,Nintendo,The Legend of Zelda,Nintendo,Bird view / Isometric,Action,No,115284
976,StarCraft II: Heart of the Swarm,2013,286,286,0,88,295,609,0,0,,No,Real Time Strategy (RTS),Blizzard Entertainment,starcraft,PC,Bird view / Isometric,Action,Yes,457
977,A Short Hike,2019,286,286,0,75,287,623,0,0,,No,Adventure,adamgryu,,Multi-platform,Bird view / Isometric,Fantasy,No,116753
978,Steins;Gate,2009,286,286,0,87,287,625,0,0,,No,Adventure,PQube,Steins;Gate,Multi-platform,First person,Science fiction,No,7194
979,Ico,2001,286,286,0,91,287,626,0,0,,No,Platform,Sony Computer Entertainment,,PlayStation,Third person,Action,No,7170
980,Harry Potter and the Chamber of Secrets,2002,286,286,0,74,285,632,0,0,,No,Platform,Aspyr Media,Harry Potter,PC,Third person,Action,No,3941
981,Mega Man,1987,285,285,0,76,284,635,0,0,,No,Shooter,Playtronic,Mega Man,Nintendo,Side view,Action,No,1714
982,Gran Turismo,1997,284,284,0,78,287,627,0,0,,No,Racing,Sony Computer Entertainment,Gran Turismo,PlayStation,First person,Non-fiction,Yes,1594
983,World of Warcraft: Wrath of the Lich King,2008,282,282,0,94,285,634,0,0,,No,Role-playing (RPG),Blizzard Entertainment,Warcraft,PC,Third person,Fantasy,Yes,228
984,Pokemon Stadium,1999,282,282,0,73,280,647,0,0,,No,Role-playing (RPG),Nintendo,Pokemon,Nintendo,Third person,Action,Yes,2289
985,Escape from Tarkov,2025,280,280,0,51,280,645,0,0,,No,Shooter,Battlestate Games,,PC,First person,Action,Yes,15536
986,Sonic the Hedgehog 3,1994,280,280,0,83,280,646,0,0,,No,Platform,Sega,Sonic The Hedgehog,Multi-platform,Side view,Action,Yes,6797
987,Metroid: Zero Mission,2004,279,279,0,91,281,644,0,0,,No,Shooter,Nintendo,Metroid,Nintendo,Side view,Action,No,1107
988,Harry Potter and the Sorcerer's Stone,2001,279,279,0,69,280,648,0,0,,No,Platform,Electronic Arts,Harry Potter,PlayStation,Third person,Action,No,341
989,Helldivers 2,2024,278,278,0,85,285,629,0,0,,No,Shooter,Sony Interactive Entertainment,,Multi-platform,First person,Action,Yes,250616
990,Trine 2,2011,274,274,0,81,283,637,0,0,,No,Platform,Atlus,,Multi-platform,Side view,Action,Yes,6250
991,Metal Slug,1996,274,274,0,82,274,657,0,0,,No,Shooter,SNK Playmore,Metal Slug,Multi-platform,Side view,Action,Yes,1404
992,Infamous 2,2011,273,273,0,83,279,651,0,0,,No,Puzzle,Sony Computer Entertainment,,PlayStation,Third person,Action,No,515
993,Tony Hawk's Pro Skater 3,2001,272,272,0,85,275,654,0,0,,No,Sport,Activision,Tony Hawk's,Multi-platform,Third person,Action,Yes,914
994,Unreal Tournament,1999,272,272,0,92,272,669,0,0,,No,Shooter,GT Interactive Software,Unreal,PlayStation,First person,Action,Yes,272
995,The Legend of Zelda: Phantom Hourglass,2007,271,271,0,83,274,658,0,0,,No,Puzzle,Nintendo,The Legend of Zelda,Nintendo,Bird view / Isometric,Action,No,1037
996,Silent Hill 4: The Room,2004,271,271,0,74,272,668,0,0,,No,Adventure,Konami,Silent Hill,Multi-platform,First person,Action,No,483
997,Alan Wake II,2023,270,270,0,90,272,663,0,0,,No,Shooter,Epic Games Publishing,,Multi-platform,Third person,Action,No,185246
998,World of Warcraft: The Burning Crusade,2007,270,270,0,83,271,674,0,0,,No,Role-playing (RPG),Blizzard Entertainment,Warcraft,PC,Third person,Fantasy,Yes,227
999,S.T.A.L.K.E.R. G.A.M.M.A.,2018,270,270,0,91,270,675,0,0,,No,Shooter,Grok,,PC,First person,Action,No,227211
1000,StarCraft: Brood War,1998,270,270,0,90,270,678,0,0,,No,Real Time Strategy (RTS),Blizzard Entertainment,starcraft,PC,Bird view / Isometric,Science fiction,Yes,456
1001,Pokemon White Version,2010,270,270,0,81,269,680,0,0,,No,Role-playing (RPG),Nintendo,Pokemon,Nintendo,Bird view / Isometric,Action,Yes,1522
1002,Need for Speed: Hot Pursuit 2,2002,270,270,0,77,269,681,0,0,,No,Racing,Electronic Arts,Need for Speed,Multi-platform,First person,Action,Yes,95
1003,Pokemon LeafGreen Version,2004,269,269,0,77,270,676,0,0,,No,Role-playing (RPG),Nintendo,Pokemon,Other,Bird view / Isometric,Action,Yes,1516
1004,Mario Kart 7,2011,267,267,0,82,272,666,0,0,,No,Racing,Nintendo,Mario Bros.,Nintendo,Third person,Party,Yes,2349
1005,Fable II,2008,267,267,0,82,272,667,0,0,,No,Role-playing (RPG),Microsoft Game Studios,,Xbox,Third person,Action,Yes,522
1006,Tekken 5,2004,267,267,0,86,270,677,0,0,,No,Fighting,Namco,Tekken,PlayStation,Third person,Action,Yes,1246
1007,Battlefield 1942,2002,267,267,0,85,268,684,0,0,,No,Shooter,Aspyr Media,,PC,First person,Action,Yes,240
1008,LittleBigPlanet,2008,266,266,0,88,275,653,0,0,,No,Platform,Sony Computer Entertainment,LittleBigPlanet,PlayStation,Side view,Fantasy,Yes,1058
1009,Grand Theft Auto IV: The Lost and Damned,2009,265,265,0,82,266,686,0,0,,No,Shooter,Take-Two Interactive,Grand Theft Auto,Multi-platform,Third person,Action,Yes,3265
1010,Grand Theft Auto IV: The Ballad of Gay Tony,2009,265,265,0,86,265,690,0,0,,No,Shooter,Rockstar Games,Grand Theft Auto,Multi-platform,Third person,Action,Yes,3174
1011,Star Fox 64,1997,265,265,0,86,265,692,0,0,,No,Shooter,Nintendo,Star Fox,Nintendo,First person,Action,Yes,2591
1012,The Finals,2023,264,264,0,77,264,694,0,0,,No,Shooter,Embark Studios,,Multi-platform,First person,Action,Yes,214417
1013,Dragon Ball Z: Budokai Tenkaichi 3,2007,263,263,0,74,265,693,0,0,,No,Fighting,Namco Bandai Games,Dragon Ball,Multi-platform,Third person,Action,Yes,2254
1014,Fire Emblem Awakening,2012,262,262,0,88,271,673,0,0,,No,Role-playing (RPG),Nintendo,Fire Emblem,Nintendo,Third person,Action,No,1443
1015,Need for Speed III: Hot Pursuit,1998,261,261,0,79,260,710,0,0,,No,Racing,Electronic Arts,Need for Speed,PlayStation,First person,Action,Yes,92
1016,FIFA 15,2014,260,260,0,77,273,662,0,0,,No,Sport,EA Sports,FIFA,Multi-platform,Bird view / Isometric,Non-fiction,Yes,7574
1017,The Walking Dead: 400 Days,2013,260,260,0,74,265,691,0,0,,No,Point-and-click,Telltale Games,The Walking Dead,Multi-platform,Third person,Action,No,3015
1018,Pac-Man,1980,260,260,0,79,261,705,0,0,,No,Arcade,Midway Manufacturing,Pac-Man,Other,Bird view / Isometric,Action,No,2750
1019,Star Wars Jedi: Survivor,2023,259,259,0,84,265,688,0,0,,No,Adventure,Electronic Arts,Star Wars,Multi-platform,Third person,Action,No,201156
1020,Wolfenstein,2009,259,259,0,77,262,702,0,0,,No,Shooter,Activision,Wolfenstein,Multi-platform,First person,Action,Yes,569
1021,Singularity,2010,258,258,0,78,262,701,0,0,,No,Shooter,Activision,,Multi-platform,First person,Action,Yes,571
1022,Paper Mario,2000,258,258,0,89,257,715,0,0,,No,Role-playing (RPG),Nintendo,Mario,Nintendo,Third person,Action,No,3340
1023,FIFA 14,2013,257,257,0,78,268,683,0,0,,No,Sport,EA Sports,FIFA,Multi-platform,First person,Non-fiction,Yes,2920
1024,Spider-Man 2,2004,257,257,0,72,261,703,0,0,,No,Hack and slash/Beat 'em up,Taito,Spider-Man,Multi-platform,Third person,Action,No,6285
1025,LEGO Batman: The Videogame,2008,257,257,0,75,261,706,0,0,,No,Platform,WB Games,Batman,Multi-platform,Third person,Action,Yes,2738
1026,Luigi's Mansion,2001,257,257,0,75,258,713,0,0,,No,Adventure,Nintendo,Mario Bros.,Nintendo,Third person,Action,No,2485
1027,Animal Crossing: New Leaf,2012,253,253,0,87,261,707,0,0,,No,Simulator,Nintendo,Animal Crossing,Nintendo,Third person,Fantasy,Yes,2687
1028,Final Fantasy,1987,252,252,0,73,253,730,0,0,,No,Role-playing (RPG),Nintendo,Final Fantasy,Nintendo,Bird view / Isometric,Action,No,385
1029,The Walking Dead: The Final Season,2018,251,251,0,75,255,720,0,0,,No,Point-and-click,Telltale Games,The Walking Dead,Multi-platform,Third person,Action,No,51524
1030,God of War: Ghost of Sparta,2010,251,251,0,86,255,723,0,0,,No,Hack and slash/Beat 'em up,Capcom,God of War,PlayStation,Third person,Action,No,550
1031,Halo 5: Guardians,2015,249,249,0,80,267,685,0,0,,No,Shooter,Microsoft Studios,Halo,Xbox,First person,Action,Yes,6803
1032,Danganronpa 2: Goodbye Despair,2012,249,249,0,84,257,714,0,0,,No,Adventure,NIS America,Danganronpa,Multi-platform,First person,Action,No,9694
1033,Ōkami,2006,248,248,0,89,253,728,0,0,,No,Puzzle,Capcom,,Multi-platform,Third person,Action,No,1271
1034,Heroes of Might and Magic V,2006,248,248,0,80,251,735,0,0,,No,Role-playing (RPG),Freeverse Software,Might and Magic,PC,Bird view / Isometric,Fantasy,Yes,370
1035,Sid Meier's Civilization,1991,246,246,0,91,244,760,0,0,,No,Strategy,"MicroProse Software, Inc.",,PC,Bird view / Isometric,Historical,No,902
1036,God of War: Ascension,2013,244,244,0,75,255,722,0,0,,No,Hack and slash/Beat 'em up,Sony Computer Entertainment,God of War,PlayStation,Third person,Action,Yes,1291
1037,Pokemon Moon,2016,244,244,0,81,245,753,0,0,,No,Role-playing (RPG),The Pokemon Company,Pokemon,Nintendo,Third person,Science fiction,Yes,18099
1038,The Lord of the Rings: The Battle for Middle-earth II,2006,243,243,0,81,249,740,0,0,,No,Real Time Strategy (RTS),Electronic Arts,The Lord of the Rings,Xbox,Bird view / Isometric,Fantasy,Yes,3155
1039,The Beginner's Guide,2015,242,242,0,77,247,747,0,0,,No,Adventure,Everything Unlimited Ltd.,,PC,First person,Comedy,No,13212
1040,Titanfall,2014,241,241,0,82,261,709,0,0,,No,Shooter,Electronic Arts,,Xbox,First person,Action,Yes,2115
1041,Command & Conquer: Generals,2003,241,241,0,80,240,778,0,0,,No,Real Time Strategy (RTS),Aspyr Media,Command & Conquer,PC,Bird view / Isometric,Action,Yes,649
1042,Pokemon Snap,1999,241,241,0,76,239,781,0,0,,No,Simulator,Nintendo of Europe,Pokemon,Nintendo,First person,Action,No,2324
1043,Wuthering Waves,2024,241,241,0,70,238,783,0,0,,No,Role-playing (RPG),Kuro Games,,PlayStation,Third person,Action,Yes,202956
1044,Donkey Kong Country 3: Dixie Kong's Double Trouble!,1996,240,240,0,75,239,782,0,0,,No,Platform,Nintendo,Donkey Kong,Nintendo,Side view,Action,Yes,1094
1045,Palworld,2024,238,238,0,72,237,787,0,0,,No,Shooter,PocketPair,,Multi-platform,Third person,Action,Yes,151665
1046,The Lord of the Rings: The Battle for Middle-earth,2004,236,236,0,83,240,775,0,0,,No,Real Time Strategy (RTS),Electronic Arts,The Lord of the Rings,PC,Bird view / Isometric,Fantasy,Yes,3154
1047,Tony Hawk's Pro Skater,1999,235,235,0,77,235,791,0,0,,No,Sport,Crave Entertainment,Tony Hawk's,PlayStation,Third person,Action,Yes,6692
1048,Pokemon Sun,2016,234,234,0,81,253,726,0,0,,No,Role-playing (RPG),The Pokemon Company,Pokemon,Nintendo,Third person,Science fiction,Yes,18100
1049,The Lion King,1994,234,234,0,77,235,792,0,0,,No,Platform,Gradiente,Disney's The Lion King,Nintendo,Side view,Action,No,3166
1050,Metroid,1987,234,234,0,66,235,793,0,0,,No,Platform,Playtronic,Metroid,Nintendo,Side view,Action,No,1101
1051,Pokemon Omega Ruby,2014,233,233,0,82,244,756,0,0,,No,Role-playing (RPG),The Pokemon Company,Pokemon,Nintendo,Third person,Action,Yes,6897
1052,Bayonetta 2,2014,231,231,0,90,251,733,0,0,,No,Shooter,Nintendo,Bayonetta,Nintendo,Third person,Action,Yes,2135
1053,Angry Birds,2009,230,230,0,75,230,807,0,0,,No,Puzzle,Rovio Entertainment,Angry Birds,Multi-platform,Side view,Action,No,2035
1054,Castlevania: Lords of Shadow,2010,229,229,0,82,233,795,0,0,,No,Hack and slash/Beat 'em up,Konami,Castlevania,Multi-platform,Third person,Action,No,491
1055,Duck Hunt,1984,229,229,0,72,228,810,0,0,,No,Shooter,Nintendo,,Nintendo,First person,Action,Yes,2741
1056,Manhunt,2003,229,229,0,75,228,811,0,0,,No,Shooter,Take-Two Interactive,,Multi-platform,Third person,Action,No,1971
1057,The Legend of Zelda: Link's Awakening,1993,227,227,0,83,227,816,0,0,,No,Puzzle,Nintendo,The Legend of Zelda,Other,Bird view / Isometric,Action,No,1028
1058,Final Fantasy XIV Online,2013,227,227,0,83,232,800,0,0,,No,Role-playing (RPG),Square Enix,Final Fantasy,Multi-platform,Third person,Action,Yes,386
1059,Super Mario RPG: Legend of the Seven Stars,1996,226,226,0,89,227,813,0,0,,No,Role-playing (RPG),Nintendo,Mario Bros.,Nintendo,Bird view / Isometric,Action,No,5418
1060,Castlevania: Aria of Sorrow,2003,226,226,0,87,227,815,0,0,,No,Platform,Konami,Castlevania,Nintendo,Side view,Action,No,1134
1061,Geometry Dash,2013,225,225,0,74,222,830,0,0,,No,Music,RobTop Games,,PC,Side view,Action,No,11642
1062,Unpacking,2021,224,224,0,83,226,819,0,0,,No,Point-and-click,Humble Games,,Multi-platform,Bird view / Isometric,Drama,No,115843
1063,The Room,2012,224,224,0,83,225,821,0,0,,No,Point-and-click,Team17,,Nintendo,First person,Fantasy,No,11625
1064,Halo: Combat Evolved Anniversary,2011,223,223,0,81,230,806,0,0,,No,Shooter,Microsoft Studios,Halo,Xbox,First person,Action,Yes,2640
1065,Metal Gear Solid: Peace Walker,2010,223,223,0,87,224,827,0,0,,No,Shooter,Konami,Metal Gear,PlayStation,Third person,Action,Yes,382
1066,Quake 4,2005,222,222,0,75,228,812,0,0,,No,Shooter,Activision,,Xbox,First person,Action,Yes,356
1067,Devil May Cry 2,2003,221,221,0,53,225,822,0,0,,No,Hack and slash/Beat 'em up,Capcom,Devil May Cry,PlayStation,Third person,Action,No,135
1068,Mortal Kombat 3,1995,221,221,0,62,222,833,0,0,,No,Fighting,Midway Games,Mortal Kombat,Multi-platform,Side view,Action,Yes,1620
1069,Sonic Heroes,2003,220,220,0,64,222,832,0,0,,No,Platform,Sega,Sonic The Hedgehog,Multi-platform,Third person,Action,Yes,4156
1070,Driver,1999,220,220,0,86,221,842,0,0,,No,Racing,GT Interactive Software,,PlayStation,Third person,Action,No,675
1071,LEGO Indiana Jones: The Original Adventures,2008,219,219,0,71,222,834,0,0,,No,Platform,LucasArts,Indiana Jones,Multi-platform,Third person,Action,Yes,189
1072,Pokemon Shield,2019,219,219,0,67,219,849,0,0,,No,Role-playing (RPG),The Pokemon Company,Pokemon,Nintendo,Third person,Fantasy,Yes,115653
1073,FIFA 16,2015,218,218,0,78,231,803,0,0,,No,Sport,EA Sports,FIFA,Multi-platform,Third person,Non-fiction,Yes,11071
1074,ARC Raiders,2025,218,218,0,87,213,871,0,0,,No,Shooter,Embark Studios,,Multi-platform,Third person,Action,Yes,185258
1075,Theme Hospital,1997,217,217,0,86,218,856,0,0,,No,Real Time Strategy (RTS),Electronic Arts,,PC,Bird view / Isometric,Comedy,Yes,1624
1076,Pokemon Pearl Version,2006,217,217,0,82,216,864,0,0,,No,Role-playing (RPG),Nintendo,Pokemon,Nintendo,Bird view / Isometric,Action,Yes,1518
1077,Twelve Minutes,2021,216,216,0,73,224,824,0,0,,No,Point-and-click,Annapurna Interactive,,Multi-platform,Bird view / Isometric,Action,No,16612
1078,Dante's Inferno,2010,216,216,0,75,222,831,0,0,,No,Hack and slash/Beat 'em up,Electronic Arts,,Multi-platform,Third person,Action,Yes,6958
1079,Burnout 3: Takedown,2004,216,216,0,88,219,850,0,0,,No,Racing,Electronic Arts,,Multi-platform,First person,Action,No,5761
1080,Golden Axe,1989,216,216,0,70,218,854,0,0,,No,Hack and slash/Beat 'em up,Virgin Mastertronic,Golden Axe,Multi-platform,Third person,Action,Yes,5565
1081,RollerCoaster Tycoon,1999,216,216,0,83,217,859,0,0,,No,Simulator,Hasbro Interactive,,Xbox,Bird view / Isometric,Business,No,254
1082,Pokemon Alpha Sapphire,2014,215,215,0,84,216,862,0,0,,No,Role-playing (RPG),Nintendo,Pokemon,Nintendo,Third person,Action,Yes,6898
1083,Commandos: Behind Enemy Lines,1998,215,215,0,85,213,877,0,0,,No,Puzzle,Eidos Interactive,,PC,Bird view / Isometric,Action,Yes,879
1084,Cyberpunk 2077: Phantom Liberty,2023,214,214,0,92,219,847,0,0,,No,Shooter,CD Projekt RED,Cyberpunk,Multi-platform,First person,Action,Yes,215769
1085,Earthworm Jim,1994,214,214,0,76,216,863,0,0,,No,Shooter,Tec Toy,Earthworm Jim,Nintendo,Side view,Action,No,3480
1086,SimCity 4,2003,214,214,0,83,215,867,0,0,,No,Simulator,Electronic Arts,Sim,PC,Bird view / Isometric,Business,Yes,1275
1087,FIFA 19,2018,213,213,0,75,223,829,0,0,,No,Sport,EA Sports,FIFA,Multi-platform,Third person,Non-fiction,Yes,96209
1088,Monument Valley,2014,213,213,0,83,215,865,0,0,,No,Puzzle,Ustwo Games,,PC,Bird view / Isometric,Fantasy,No,8900
1089,Spyro 2: Ripto's Rage!,1999,213,213,0,80,212,878,0,0,,No,Platform,Sony Computer Entertainment,Spyro the Dragon,PlayStation,Third person,Action,No,1577
1090,FIFA Soccer 13,2012,212,212,0,80,224,826,0,0,,No,Simulator,Electronic Arts,FIFA,Multi-platform,Third person,Non-fiction,Yes,2153
1091,Cult of the Lamb,2022,211,211,0,85,213,872,0,0,,No,Role-playing (RPG),Devolver Digital,,Multi-platform,Bird view / Isometric,Action,Yes,165351
1092,Rayman,1995,211,211,0,78,213,875,0,0,,No,Platform,Ubi Soft Entertainment,Rayman,PlayStation,Side view,Action,No,1963
1093,Osu!,2007,211,211,0,73,210,885,0,0,,No,Music,ppy,,PC,Auditory,Action,Yes,3012
1094,Spyro: Year of the Dragon,2000,211,211,0,68,210,887,0,0,,No,Platform,Sony Computer Entertainment,Spyro the Dragon,PlayStation,Third person,Action,No,1578
1095,The Quarry,2022,210,210,0,79,216,860,0,0,,No,Adventure,2K Games,,Multi-platform,Third person,Action,Yes,194404
1096,Gran Turismo 2,1999,210,210,0,82,210,886,0,0,,No,Racing,Sony Computer Entertainment,Gran Turismo,PlayStation,First person,Non-fiction,Yes,1597
1097,Secret of Mana,1993,208,208,0,83,208,893,0,0,,No,Role-playing (RPG),Square,,Nintendo,Bird view / Isometric,Action,Yes,3216
1098,Deadpool,2013,207,207,0,70,220,845,0,0,,No,Shooter,Activision,Deadpool,Multi-platform,Third person,Action,No,1919
1099,Donkey Kong,1981,207,207,0,72,207,897,0,0,,No,Platform,Nintendo,Donkey Kong,Other,Side view,Action,No,1086
1100,Streets of Rage,1991,206,206,0,76,205,910,0,0,,No,Hack and slash/Beat 'em up,Sega of America,Streets of Rage,Nintendo,Side view,Action,Yes,1652
1101,Donut County,2018,205,205,0,76,218,852,0,0,,No,Puzzle,Annapurna Interactive,,Multi-platform,Bird view / Isometric,Comedy,No,55080
1102,SimCity 2000,1993,205,205,0,75,206,905,0,0,,No,Simulator,Electronic Arts,Sim,Multi-platform,Bird view / Isometric,Business,No,330
1103,Sonic Adventure,1998,205,205,0,61,203,920,0,0,,No,Platform,Sega,Sonic The Hedgehog,Other,Third person,Action,No,7860
1104,Luigi's Mansion 3,2019,204,204,0,86,216,861,0,0,,No,Adventure,Nintendo,Mario,Nintendo,Third person,Action,Yes,109455
1105,Kena: Bridge of Spirits,2021,204,204,0,81,213,873,0,0,,No,Role-playing (RPG),Ember Lab,,Multi-platform,Third person,Action,No,134588
1106,Dredge,2023,204,204,0,83,208,891,0,0,,No,Role-playing (RPG),Team17,,Multi-platform,Bird view / Isometric,Action,No,164867
1107,World of Warcraft: Cataclysm,2010,204,204,0,83,207,898,0,0,,No,Role-playing (RPG),Activision Blizzard,Warcraft,PC,Third person,Fantasy,Yes,229
1108,LEGO Star Wars II: The Original Trilogy,2006,204,204,0,73,207,899,0,0,,No,Platform,TT Games,Star Wars,Xbox,Third person,Action,Yes,190
1109,Ni no Kuni: Wrath of the White Witch,2011,203,203,0,85,213,876,0,0,,No,Role-playing (RPG),LEVEL-5,,Multi-platform,Third person,Action,No,1864
1110,Unreal Tournament 2004,2004,203,203,0,86,206,904,0,0,,No,Shooter,MacSoft Games,,PC,First person,Action,Yes,927
1111,Rayman 2: The Great Escape,1999,203,203,0,85,203,923,0,0,,No,Platform,Ubisoft Entertainment,Rayman,Nintendo,Third person,Action,No,843
1112,The Walking Dead: Michonne,2016,201,201,0,68,204,916,0,0,,No,Point-and-click,Telltale Games,,Multi-platform,Third person,Action,No,11204
1113,Wii Sports Resort,2009,201,201,0,84,202,930,0,0,,No,Racing,Nintendo,,Nintendo,First person,Action,Yes,2182
1114,Mortal Kombat 4,1997,201,201,0,70,200,938,0,0,,No,Fighting,Midway Games,Mortal Kombat,Multi-platform,Side view,Action,Yes,1622
1115,Stronghold,2001,200,200,0,82,200,940,0,0,,No,Real Time Strategy (RTS),Take-Two Interactive,,PC,Bird view / Isometric,Action,Yes,965
1116,Jak 3,2004,199,199,0,73,200,939,0,0,,No,Shooter,Sony Interactive Entertainment,Jak and Daxter,PlayStation,Third person,Action,No,1530
1117,Worms,1995,199,199,0,78,199,943,0,0,,No,Strategy,Telegames,Worms,Multi-platform,Third person,Action,Yes,9331
1118,Out of This World,1991,199,199,0,84,199,944,0,0,,No,Platform,U.S. Gold,,Other,Side view,Action,No,4348
1119,Super Mario Land 2: 6 Golden Coins,1992,199,199,0,81,197,957,0,0,,No,Platform,Nintendo,Mario Bros.,Nintendo,Side view,Action,No,1071
1120,Atomic Heart,2023,198,198,0,70,202,926,0,0,,No,Shooter,Focus Entertainment,Atomic Universe,Multi-platform,First person,Action,No,76747
1121,Star Wars: Episode I - Racer,1999,198,198,0,72,198,952,0,0,,No,Racing,Aspyr Media,Star Wars,Multi-platform,First person,Action,Yes,154
1122,Pokemon Legends: Arceus,2022,197,197,0,81,205,906,0,0,,No,Role-playing (RPG),Nintendo,Pokemon,Nintendo,Third person,Action,No,144054
1123,Final Fantasy IV,1991,197,197,0,82,197,953,0,0,,No,Role-playing (RPG),Square,Final Fantasy,Nintendo,Bird view / Isometric,Fantasy,No,16587
1124,Dr. Mario,1990,197,197,0,72,195,969,0,0,,No,Puzzle,Nintendo,Mario,Nintendo,Side view,Fantasy,Yes,3476
1125,Danganronpa V3: Killing Harmony,2017,196,196,0,88,209,890,0,0,,No,Point-and-click,Spike Chunsoft,Danganronpa,Multi-platform,First person,Science fiction,No,12579
1126,Metroid Dread,2021,196,196,0,84,206,903,0,0,,No,Shooter,Nintendo,Metroid,Nintendo,Side view,Action,No,15698
1127,StarCraft II: Legacy of the Void,2015,196,196,0,88,204,917,0,0,,No,Real Time Strategy (RTS),Blizzard Entertainment,starcraft,PC,Bird view / Isometric,Action,Yes,458
1128,Black Myth: Wukong,2024,196,196,0,89,199,941,0,0,,No,Role-playing (RPG),Game Science,,Multi-platform,Third person,Action,No,136879
1129,Tekken 2,1995,196,196,0,83,197,956,0,0,,No,Fighting,Namco,Tekken,Other,Side view,Action,Yes,1243
1130,Super Mario Maker 2,2019,195,195,0,84,207,895,0,0,,No,Platform,Nintendo,Mario,Nintendo,Side view,Action,Yes,115276
1131,Disco Elysium: The Final Cut,2021,195,195,0,93,201,931,0,0,,No,Role-playing (RPG),ZA/UM,,Multi-platform,Bird view / Isometric,Thriller,No,141540
1132,Mega Man 3,1990,195,195,0,80,194,975,0,0,,No,Shooter,Capcom,Mega Man,Nintendo,Side view,Action,No,1716
1133,Command & Conquer 3: Tiberium Wars,2007,194,194,0,83,198,951,0,0,,No,Real Time Strategy (RTS),Electronic Arts,Command & Conquer,Xbox,Bird view / Isometric,Action,Yes,321
1134,Final Fantasy X-2,2003,194,194,0,70,196,966,0,0,,No,Role-playing (RPG),Square Enix,Final Fantasy,PlayStation,Third person,Fantasy,No,413
1135,Clash of Clans,2012,194,194,0,75,194,974,0,0,,No,Real Time Strategy (RTS),Supercell,,Other,Bird view / Isometric,Action,Yes,5589
1136,Resident Evil 0,2016,192,192,0,72,209,889,0,0,,No,Shooter,Capcom,Resident Evil,Multi-platform,Third person,Action,No,15108
1137,Splatoon 2,2017,192,192,0,82,208,892,0,0,,No,Shooter,Nintendo,Splatoon,Nintendo,Third person,Action,Yes,26761
1138,Hitman 3,2021,192,192,0,85,206,900,0,0,,No,Shooter,IO Interactive,Hitman,Multi-platform,Third person,Action,No,134595
1139,"Nine Hours, Nine Persons, Nine Doors",2009,192,192,0,86,194,973,0,0,,No,Point-and-click,Spike,Zero Escape,Nintendo,First person,Horror,No,9543
1140,Call of Duty: United Offensive,2004,192,192,0,80,194,976,0,0,,No,Shooter,Activision,Call of Duty,PC,First person,Action,Yes,624
1141,Kirby's Adventure,1993,192,192,0,71,190,998,0,0,,No,Platform,Nintendo,Kirby,Nintendo,Side view,Action,No,3717
1142,The Longest Journey,1999,191,191,0,87,192,988,0,0,,No,Point-and-click,Funcom,,PC,Side view,Action,No,895
1143,Sonic & Knuckles,1994,191,191,0,80,191,989,0,0,,No,Platform,Tec Toy,Sonic The Hedgehog,Multi-platform,Side view,Action,Yes,9475
1144,Ratchet & Clank: Up Your Arsenal,2004,191,191,0,80,191,992,0,0,,No,Shooter,Sony Computer Entertainment,Ratchet & Clank,PlayStation,Third person,Action,Yes,1773
1145,Total War: Rome II,2013,190,190,0,75,201,933,0,0,,No,Real Time Strategy (RTS),Sega,Total War,PC,Bird view / Isometric,Historical,Yes,2359
1146,Indiana Jones and the Great Circle,2024,190,190,0,89,196,960,0,0,,No,Puzzle,Bethesda Softworks,Indiana Jones,Multi-platform,First person,Action,No,142415
1147,Professor Layton and the Curious Village,2007,190,190,0,85,193,982,0,0,,No,Point-and-click,Nintendo,Professor Layton,Nintendo,Side view,Mystery,No,1397
1148,Banished,2014,190,190,0,70,192,987,0,0,,No,Real Time Strategy (RTS),Shining Rock Software,,PC,Bird view / Isometric,Survival,No,2002
1149,The Legend of Zelda: Oracle of Seasons,2001,189,189,0,87,191,993,0,0,,No,Puzzle,Nintendo,The Legend of Zelda,Nintendo,Bird view / Isometric,Action,No,1032
1150,Disney's Aladdin,1993,189,189,0,81,189,1006,0,0,,No,Platform,Capcom,Disney,Nintendo,Side view,Action,No,2473
1151,Phoenix Wright: Ace Attorney - Justice for All,2006,188,188,0,79,190,1000,0,0,,No,Point-and-click,Capcom,Ace Attorney,Nintendo,First person,Comedy,No,1427
1152,Metroid Prime 2: Echoes,2004,188,188,0,83,190,1001,0,0,,No,Shooter,Nintendo,Metroid,Nintendo,First person,Action,Yes,1108
1153,Heroes of Might and Magic IV,2002,188,188,0,74,190,1002,0,0,,No,Role-playing (RPG),The 3DO Company,Might and Magic,PC,Bird view / Isometric,Fantasy,Yes,367
1154,My Hero Ultra Rumble,2023,188,188,0,52,188,1008,0,0,,No,Fighting,Bandai Namco Entertainment America,My Hero Academia,Multi-platform,Third person,Action,Yes,213639
1155,Heroes of Might and Magic III: Complete,2000,188,188,0,93,188,1009,0,0,,No,Role-playing (RPG),The 3DO Company,,PC,Bird view / Isometric,Fantasy,Yes,51820
1156,Clash Royale,2016,188,188,0,75,188,1011,0,0,,No,Real Time Strategy (RTS),Supercell,,Other,Bird view / Isometric,Action,Yes,15707
1157,Mario & Luigi: Superstar Saga,2003,188,188,0,86,188,1013,0,0,,No,Role-playing (RPG),Nintendo,Mario,Nintendo,Side view,Action,No,3351
1158,Super Castlevania IV,1991,188,188,0,89,188,1018,0,0,,No,Platform,Konami,Castlevania,Nintendo,Side view,Action,No,1124
1159,Super Smash Bros. for Nintendo 3DS,2014,187,187,0,81,201,932,0,0,,No,Fighting,Nintendo,Mario,Nintendo,Side view,Action,Yes,9621
1160,Xenoblade Chronicles 2,2017,187,187,0,88,200,934,0,0,,No,Role-playing (RPG),Nintendo,Xeno,Nintendo,Third person,Action,No,26766
1161,Rise of Nations,2003,187,187,0,87,191,994,0,0,,No,Real Time Strategy (RTS),Microsoft Game Studios,,PC,Bird view / Isometric,Fantasy,Yes,848
1162,Streets of Rage 2,1992,187,187,0,82,187,1020,0,0,,No,Hack and slash/Beat 'em up,Tec Toy,Streets of Rage,Multi-platform,Side view,Action,Yes,1653
1163,The Legend of Zelda: Link's Awakening DX,1998,187,187,0,89,186,1031,0,0,,No,Puzzle,Nintendo,The Legend of Zelda,Nintendo,Bird view / Isometric,Action,No,1027
1164,Pokemon Black Version 2,2012,186,186,0,83,191,990,0,0,,No,Role-playing (RPG),Nintendo,Pokemon,Nintendo,Bird view / Isometric,Action,Yes,8284
1165,The Legend of Zelda: Spirit Tracks,2009,186,186,0,84,189,1007,0,0,,No,Puzzle,Nintendo,The Legend of Zelda,Nintendo,Bird view / Isometric,Action,No,1038
1166,Circle of Blood,1996,186,186,0,79,188,1019,0,0,,No,Point-and-click,THQ,,PlayStation,Third person,Fantasy,No,616
1167,Need for Speed II,1997,186,186,0,68,187,1023,0,0,,No,Racing,Electronic Arts,Need for Speed,PlayStation,First person,Unknown,Yes,91
1168,SoulCalibur II,2002,186,186,0,89,186,1029,0,0,,No,Fighting,Namco,SoulCalibur,Other,Side view,Action,Yes,1565
1169,Final Fantasy Tactics,1997,186,186,0,85,186,1032,0,0,,No,Role-playing (RPG),Square Enix,Final Fantasy,PlayStation,Bird view / Isometric,Fantasy,No,428
1170,Crash Bash,2000,186,186,0,72,184,1046,0,0,,No,Puzzle,Sony Computer Entertainment,Crash Bandicoot,PlayStation,Third person,Action,Yes,1195
1171,Forza Horizon 3,2016,185,185,0,86,211,880,0,0,,No,Racing,Microsoft Studios,Forza,Xbox,First person,Open world,Yes,19539
1172,Guacamelee!,2013,185,185,0,82,196,965,0,0,,No,Platform,Spike Chunsoft,,PlayStation,Side view,Action,Yes,4838
1173,Diddy Kong Racing,1997,185,185,0,65,186,1026,0,0,,No,Racing,Nintendo,Donkey Kong,Nintendo,Third person,Action,Yes,2723
1174,Everybody's Gone to the Rapture,2015,184,184,0,75,193,980,0,0,,No,Adventure,Sony Computer Entertainment,,PlayStation,First person,Science fiction,No,7405
1175,Baba Is You,2019,184,184,0,80,189,1003,0,0,,No,Puzzle,hempuli,,Nintendo,Bird view / Isometric,Action,No,76638
1176,Phoenix Wright: Ace Attorney - Trials and Tribulations,2007,184,184,0,86,186,1030,0,0,,No,Point-and-click,Capcom,Ace Attorney,Nintendo,First person,Comedy,No,1428
1177,Lethal Company,2023,184,184,0,77,184,1038,0,0,,No,Indie,Zeekerss,,PC,First person,Action,Yes,212089
1178,Tekken 4,2001,184,184,0,75,184,1045,0,0,,No,Fighting,Namco,Tekken,PlayStation,Side view,Action,Yes,1245
1179,Tomb Raider III: Adventures of Lara Croft,1998,184,184,0,77,184,1047,0,0,,No,Shooter,Eidos Interactive,Tomb Raider,PlayStation,Third person,Action,No,1157
1180,Sifu,2022,183,183,0,81,194,971,0,0,,No,Hack and slash/Beat 'em up,Sloclap,,Multi-platform,Third person,Action,No,144022
1181,Final Fantasy XVI,2023,183,183,0,88,192,983,0,0,,No,Role-playing (RPG),Square Enix,Final Fantasy,Multi-platform,Third person,Action,No,31551
1182,Super Paper Mario,2007,183,183,0,78,186,1028,0,0,,No,Platform,Nintendo,Mario,Nintendo,Third person,Action,No,2191
1183,The Stanley Parable: Ultra Deluxe,2022,183,183,0,85,184,1040,0,0,,No,Simulator,Crows Crows Crows,,Multi-platform,First person,Comedy,No,113119
1184,F-Zero,1990,183,183,0,79,184,1043,0,0,,No,Racing,St. GIGA,F-Zero,Nintendo,Third person,Action,No,3490
1185,Ratchet & Clank: Going Commando,2003,183,183,0,86,183,1053,0,0,,No,Shooter,Sony Computer Entertainment,Ratchet & Clank,PlayStation,Third person,Action,No,1770
1186,Dispatch,2025,183,183,0,87,178,1070,0,0,,No,Strategy,AdHoc Studio,,Multi-platform,Bird view / Isometric,Action,No,325609
1187,The Messenger,2018,182,182,0,83,189,1004,0,0,,No,Platform,Devolver Digital,,Multi-platform,Side view,Action,No,71628
1188,NieR Replicant ver.1.22474487139...,2021,181,181,0,83,193,977,0,0,,No,Role-playing (RPG),Square Enix,Drakengard,Multi-platform,Third person,Action,No,131999
1189,Myst,1993,181,181,0,65,184,1049,0,0,,No,Point-and-click,Acclaim Entertainment,Myst,PlayStation,First person,Fantasy,No,236
1190,Donkey Kong Country Returns,2010,180,180,0,84,187,1021,0,0,,No,Platform,Nintendo,Donkey Kong,Nintendo,Side view,Action,Yes,1100
1191,Harry Potter and the Prisoner of Azkaban,2004,180,180,0,74,186,1025,0,0,,No,Platform,Electronic Arts,Harry Potter,PC,Third person,Action,No,3943
1192,TagPro,2013,180,180,0,84,180,1065,0,0,,No,Strategy,Unknown,,Other,Bird view / Isometric,Action,Yes,9604
1193,Mario + Rabbids Kingdom Battle,2017,179,179,0,80,198,949,0,0,,No,Puzzle,Ubisoft Entertainment,Mario,Nintendo,Bird view / Isometric,Action,Yes,28414
1194,New Super Mario Bros. U,2012,179,179,0,79,188,1016,0,0,,No,Platform,Nintendo,Mario,Nintendo,Side view,Action,Yes,2171
1195,Street Fighter IV,2008,179,179,0,85,187,1022,0,0,,No,Fighting,Capcom,Street Fighter,Multi-platform,Side view,Action,Yes,884
1196,Tony Hawk's Underground,2003,179,179,0,80,180,1067,0,0,,No,Racing,Activision,Tony Hawk's,Multi-platform,Third person,Action,No,2698
1197,Kirby's Dream Land,1992,179,179,0,78,178,1079,0,0,,No,Platform,Nintendo,Kirby,Nintendo,Side view,Action,No,1063
1198,World of Warcraft: Mists of Pandaria,2012,178,178,0,81,182,1057,0,0,,No,Role-playing (RPG),Activision Blizzard,Warcraft,PC,Third person,Fantasy,Yes,1332
1199,Mario Party,1998,178,178,0,76,178,1075,0,0,,No,Quiz/Trivia,Nintendo,Mario Bros.,Nintendo,Bird view / Isometric,Action,Yes,2327
1200,Donkey Kong 64,1999,178,178,0,73,178,1078,0,0,,No,Platform,Nintendo,Donkey Kong,Nintendo,Third person,Action,Yes,1096
1201,The Legend of Zelda: Majora's Mask 3D,2015,177,177,0,91,190,996,0,0,,No,Puzzle,Nintendo,The Legend of Zelda,Nintendo,Third person,Action,No,8593
1202,High on Life,2022,177,177,0,71,180,1062,0,0,,No,Shooter,Squanch Games,,Multi-platform,First person,Action,No,204618
1203,Crash Bandicoot: The Wrath of Cortex,2001,177,177,0,65,178,1077,0,0,,No,Platform,Universal Interactive Studios,Crash Bandicoot,Multi-platform,Third person,Action,No,1188
1204,Path of Exile 2,2024,177,177,0,88,173,1104,0,0,,No,Role-playing (RPG),Grinding Gear Games,,Multi-platform,Bird view / Isometric,Action,Yes,125642
1205,Ghostwire: Tokyo,2022,176,176,0,77,183,1050,0,0,,No,Adventure,Bethesda Softworks,,Multi-platform,First person,Action,No,119308
1206,Mario Kart: Super Circuit,2001,176,176,0,83,177,1082,0,0,,No,Racing,Nintendo,Mario Bros.,Nintendo,Third person,Action,Yes,2343
1207,Carrion,2020,175,175,0,75,184,1041,0,0,,No,Platform,Devolver Digital,,Multi-platform,Side view,Action,No,90055
1208,Never Alone: Kisima Ingitchuna,2014,175,175,0,70,184,1042,0,0,,No,Platform,E-Line Media,,Multi-platform,Side view,Action,Yes,7618
1209,Metal Slug 2,1998,175,175,0,81,175,1097,0,0,,No,Shooter,SNK Playmore,Metal Slug,Multi-platform,Side view,Action,Yes,1407
1210,Red Dead Redemption: Undead Nightmare,2010,174,174,0,88,178,1073,0,0,,No,Shooter,Rockstar Games,,Multi-platform,Third person,Action,Yes,3735
1211,Commandos 2: Men of Courage,2001,174,174,0,88,174,1102,0,0,,No,Shooter,Feral Interactive,,Multi-platform,Bird view / Isometric,Action,Yes,653
1212,Legacy of Kain: Soul Reaver,1999,174,174,0,80,173,1107,0,0,,No,Puzzle,Sony Computer Entertainment,,PlayStation,Third person,Action,No,4122
1213,Pokemon White Version 2,2012,173,173,0,81,176,1088,0,0,,No,Role-playing (RPG),The Pokemon Company,Pokemon,Nintendo,Bird view / Isometric,Action,Yes,8353
1214,Mother 3,2006,173,173,0,90,172,1113,0,0,,No,Role-playing (RPG),Nintendo,Earthbound,Nintendo,First person,Fantasy,No,3683
1215,Thronebreaker: The Witcher Tales,2018,172,172,0,85,180,1063,0,0,,No,Puzzle,CD Projekt RED,The Witcher,Multi-platform,Bird view / Isometric,Fantasy,No,107300
1216,Pikmin,2001,172,172,0,80,173,1109,0,0,,No,Real Time Strategy (RTS),Gradiente,Pikmin,Nintendo,Bird view / Isometric,Action,No,2239
1217,Stronghold Crusader,2002,172,172,0,82,173,1110,0,0,,No,Real Time Strategy (RTS),Take-Two Interactive,,PC,Bird view / Isometric,Action,Yes,964
1218,Thief: The Dark Project,1998,172,172,0,78,173,1112,0,0,,No,Simulator,Eidos Interactive,,PC,First person,Action,No,2
1219,Pokemon Stadium 2,2000,172,172,0,68,172,1114,0,0,,No,Simulator,Gradiente,Pokemon,Nintendo,Third person,Action,Yes,2290
1220,Returnal,2021,171,171,0,86,190,995,0,0,,No,Shooter,Sony Interactive Entertainment,,PlayStation,First person,Action,Yes,134584
1221,Sherlock Holmes: Crimes & Punishments,2014,171,171,0,77,183,1052,0,0,,No,Puzzle,Focus Entertainment,,Multi-platform,First person,Action,No,5541
1222,Driver: San Francisco,2011,171,171,0,78,177,1085,0,0,,No,Racing,Ubisoft Entertainment,,Multi-platform,First person,Action,Yes,554
1223,The Saboteur,2009,171,171,0,75,176,1089,0,0,,No,Shooter,Electronic Arts,,Multi-platform,Third person,Action,No,3171
1224,Medal of Honor: Pacific Assault,2004,171,171,0,80,174,1101,0,0,,No,Shooter,Electronic Arts,,PC,First person,Action,Yes,1310
1225,Tony Hawk's Pro Skater 4,2002,171,171,0,78,172,1117,0,0,,No,Sport,Activision,,Multi-platform,Third person,Comedy,Yes,915
1226,Perfect Dark,2000,171,171,0,79,171,1122,0,0,,No,Shooter,Rare,Perfect Dark,Nintendo,First person,Action,Yes,1463
1227,Death's Door,2021,170,170,0,84,181,1058,0,0,,No,Role-playing (RPG),Devolver Digital,,Multi-platform,Third person,Action,No,145099
1228,Tekken 6,2007,170,170,0,76,178,1076,0,0,,No,Fighting,Namco Bandai Games,Tekken,Multi-platform,Third person,Action,Yes,1247
1229,Split Fiction,2025,170,170,0,91,175,1092,0,0,,No,Platform,Electronic Arts,,Multi-platform,Third person,Action,Yes,325594
1230,Disney's DuckTales,1989,170,170,0,84,170,1125,0,0,,No,Platform,Walt Disney Computer Software,DuckTales,Nintendo,Side view,Comedy,No,6487
1231,Sid Meier's Civilization II,1996,170,170,0,85,170,1129,0,0,,No,Strategy,"MicroProse Software, Inc.",Sid Meier,PlayStation,Bird view / Isometric,"4X (explore, expand, exploit, and exterminate)",Yes,634
1232,Silent Hill: Homecoming,2008,169,169,0,67,171,1123,0,0,,No,Puzzle,Konami,Silent Hill,Multi-platform,Third person,Horror,No,485
1233,Omori,2020,169,169,0,86,169,1132,0,0,,No,Role-playing (RPG),OMOCAT,,Multi-platform,Bird view / Isometric,Fantasy,No,26673
1234,Excitebike,1984,169,169,0,71,169,1134,0,0,,No,Racing,Nintendo,Excite,Nintendo,Side view,Action,Yes,4600
1235,Banjo-Tooie,2000,169,169,0,86,169,1135,0,0,,No,Platform,Nintendo,Banjo & Kazooie,Nintendo,Third person,Action,Yes,3418
1236,Call of Duty: Black Ops 6,2024,168,168,0,79,175,1093,0,0,,No,Shooter,Activision,Call of Duty,Multi-platform,First person,Action,Yes,302156
1237,Gorogoa,2017,168,168,0,80,175,1095,0,0,,No,Point-and-click,Annapurna Interactive,,Multi-platform,Side view,Fantasy,No,9136
1238,Guitar Hero II,2006,168,168,0,87,171,1121,0,0,,No,Music,Activision,,Multi-platform,Auditory,Party,Yes,2670
1239,Dreamfall: The Longest Journey,2006,168,168,0,71,170,1128,0,0,,No,Puzzle,Empire Interactive,,Xbox,Third person,Action,No,1961
1240,Sly Cooper and the Thievius Raccoonus,2002,168,168,0,81,169,1137,0,0,,No,Platform,Sony Computer Entertainment,Sly Cooper,PlayStation,Third person,Action,No,1798
1241,Honkai: Star Rail,2023,168,168,0,83,168,1138,0,0,,No,Role-playing (RPG),Cognosphere,Honkai,PlayStation,Third person,Action,Yes,178282
1242,Disney's Hercules Action Game,1997,168,168,0,68,168,1139,0,0,,No,Platform,Virgin Interactive Entertainment,Disney's Hercules,PlayStation,Third person,Action,No,9814
1243,Marvel: Ultimate Alliance,2006,167,167,0,75,174,1100,0,0,,No,Role-playing (RPG),NEC Interchannel,Marvel,Multi-platform,Third person,Action,Yes,4999
1244,FIFA 20,2019,166,166,0,74,173,1105,0,0,,No,Sport,EA Sports,FIFA,Multi-platform,Third person,Non-fiction,Yes,114287
1245,Hi-Fi Rush,2023,166,166,0,86,170,1124,0,0,,No,Music,Bethesda Softworks,,Multi-platform,Third person,Action,No,233585
1246,Tony Hawk's Underground 2,2004,166,166,0,80,169,1136,0,0,,No,Sport,Activision,,Multi-platform,Third person,Action,No,2699
1247,Ultimate Mortal Kombat 3,1995,166,166,0,70,167,1145,0,0,,No,Fighting,Microsoft,Mortal Kombat,Multi-platform,Side view,Action,Yes,1621
1248,Command & Conquer: Tiberian Sun,1999,166,166,0,82,165,1158,0,0,,No,Real Time Strategy (RTS),Electronic Arts,Command & Conquer,PC,Bird view / Isometric,Science fiction,Yes,340
1249,Warcraft: Orcs & Humans,1994,166,166,0,77,165,1159,0,0,,No,Real Time Strategy (RTS),Interplay Entertainment,Warcraft,PC,Bird view / Isometric,Fantasy,Yes,129
1250,Senua's Saga: Hellblade II,2024,165,165,0,76,171,1119,0,0,,No,Adventure,Xbox Game Studios,,Multi-platform,Third person,Action,No,127342
1251,Sonic CD,1993,165,165,0,80,164,1161,0,0,,No,Platform,Sega,Sonic The Hedgehog,PC,Side view,Action,No,5452
1252,Gran Turismo 4,2004,164,164,0,86,167,1146,0,0,,No,Racing,Sony Computer Entertainment,,PlayStation,First person,Action,Yes,1601
1253,Five Nights at Freddy's,2014,164,164,0,68,166,1150,0,0,,No,Point-and-click,Scottgames,Five Nights at Freddy's,PC,First person,Action,No,8499
1254,Batman: The Enemy Within,2017,164,164,0,77,165,1153,0,0,,No,Point-and-click,Telltale Games,Batman,Multi-platform,Third person,Action,No,51525
1255,Metal Gear Solid 2: Substance,2002,164,164,0,84,165,1157,0,0,,No,Shooter,Konami,Metal Gear,Multi-platform,Third person,Action,No,474
1256,Teenage Mutant Ninja Turtles IV: Turtles in Time,1992,163,163,0,63,163,1163,0,0,,No,Hack and slash/Beat 'em up,Konami,Teenage Mutant Ninja Turtles,Nintendo,Side view,Action,Yes,14697
1257,LittleBigPlanet 2,2011,162,162,0,88,166,1151,0,0,,No,Platform,Sony Computer Entertainment,LittleBigPlanet,PlayStation,Side view,Action,Yes,2140
1258,Double Dragon,1987,162,162,0,57,165,1155,0,0,,No,Fighting,Empire Interactive,Double Dragon,Xbox,Third person,Action,Yes,6787
1259,Dino Crisis,1999,162,162,0,69,163,1166,0,0,,No,Shooter,Capcom,,PlayStation,Bird view / Isometric,Action,No,3027
1260,Lemmings,1991,162,162,0,72,162,1171,0,0,,No,Puzzle,Krisalis Software,Lemmings,Other,Side view,Action,Yes,4239
1261,Broken Sword: The Smoking Mirror,1997,162,162,0,83,162,1172,0,0,,No,Point-and-click,Crave Entertainment,,PlayStation,Third person,Fantasy,No,1150
1262,New Super Mario Bros. 2,2012,161,161,0,75,172,1116,0,0,,No,Platform,Nintendo,Mario Bros.,Nintendo,Side view,Action,Yes,1080
1263,RollerCoaster Tycoon 2,2002,161,161,0,71,161,1178,0,0,,No,Real Time Strategy (RTS),Infogrames,,PC,Bird view / Isometric,Business,No,331
1264,Star Fox,1993,160,160,0,76,161,1175,0,0,,No,Shooter,Nintendo,Star Fox,Nintendo,Third person,Action,No,8581
1265,Dave the Diver,2023,159,159,0,87,166,1149,0,0,,No,Role-playing (RPG),MINTROCKET,,Multi-platform,Side view,Action,No,203722
1266,Neighbours from Hell,2003,159,159,0,76,159,1186,0,0,,No,Strategy,Encore,,Multi-platform,Side view,Action,No,3132
1267,Kingdom Hearts Birth by Sleep,2010,158,158,0,84,161,1177,0,0,,No,Role-playing (RPG),Square Enix,Kingdom Hearts,PlayStation,Third person,Action,Yes,1224
1268,Killzone 2,2009,157,157,0,84,165,1156,0,0,,No,Shooter,Sony Computer Entertainment,Killzone,PlayStation,First person,Action,Yes,1866
1269,Kingdom Come: Deliverance II,2025,157,157,0,92,159,1184,0,0,,No,Role-playing (RPG),Deep Silver,,Multi-platform,First person,Action,No,298526
1270,The Cat Lady,2012,157,157,0,90,156,1200,0,0,,No,Point-and-click,Screen 7,,PC,Side view,Horror,No,11270
1271,Sonic the Hedgehog 3 & Knuckles,1994,156,156,0,89,154,1210,0,0,,No,Platform,Sega Corporation,Sonic The Hedgehog,PC,Side view,Action,Yes,11219
1272,SimCity,2013,155,155,0,65,168,1140,0,0,,No,Simulator,Electronic Arts,Sim,PC,Bird view / Isometric,Business,Yes,1274
1273,SimCity 3000,1999,155,155,0,83,156,1201,0,0,,No,Simulator,Electronic Arts,Sim,PC,Bird view / Isometric,Business,No,237
1274,Empire: Total War,2009,154,154,0,84,160,1183,0,0,,No,Real Time Strategy (RTS),Sega,Total War,PC,Bird view / Isometric,Fantasy,Yes,441
1275,Dino Crisis 2,2000,154,154,0,86,154,1212,0,0,,No,Shooter,Virgin Interactive Entertainment,,PlayStation,Third person,Action,No,4132
1276,Race Driver: Grid,2008,154,154,0,78,154,1214,0,0,,No,Racing,Sega,,Multi-platform,First person,Non-fiction,Yes,2159
1277,Mega Man X2,1994,153,153,0,84,153,1219,0,0,,No,Shooter,Capcom,Mega Man,Nintendo,Side view,Action,No,1742
1278,World of Warcraft: Warlords of Draenor,2014,152,152,0,80,158,1192,0,0,,No,Role-playing (RPG),Activision Blizzard,Warcraft,PC,First person,Action,Yes,3157
1279,Enter the Matrix,2003,152,152,0,59,157,1198,0,0,,No,Fighting,Atari Europe,The Matrix,Multi-platform,Third person,Action,No,1003
1280,Donkey Kong Country: Tropical Freeze,2014,151,151,0,85,163,1168,0,0,,No,Platform,Nintendo,Donkey Kong,Nintendo,Side view,Action,Yes,2923
1281,Bloodborne: The Old Hunters,2015,151,151,0,91,160,1180,0,0,,No,Role-playing (RPG),Sony Computer Entertainment,,PlayStation,Third person,Action,Yes,14647
1282,Octopath Traveler,2018,151,151,0,83,159,1185,0,0,,No,Role-playing (RPG),Nintendo,,Multi-platform,Bird view / Isometric,Fantasy,No,26765
1283,Animal Crossing: Wild World,2005,151,151,0,77,153,1218,0,0,,No,Simulator,Nintendo,Animal Crossing,Nintendo,Bird view / Isometric,Business,Yes,2645
1284,Sam & Max Hit the Road,1993,151,151,0,84,153,1220,0,0,,No,Point-and-click,LucasArts,Sam & Max,PC,Side view,Science fiction,No,202
1285,Castlevania III: Dracula's Curse,1990,151,151,0,75,151,1231,0,0,,No,Platform,Konami,Castlevania,Nintendo,Side view,Action,No,1119
1286,Dragon Ball: Xenoverse,2015,150,150,0,71,160,1181,0,0,,No,Fighting,Bandai Namco Entertainment,Dragon Ball Z,Multi-platform,Side view,Action,Yes,7408
1287,Hunt: Showdown 1896,2019,150,150,0,75,153,1216,0,0,,No,Shooter,Crytek,,Multi-platform,First person,Action,Yes,7291
1288,"Pokemon: Let's Go, Eevee!",2018,150,150,0,75,152,1222,0,0,,No,Role-playing (RPG),Nintendo,Pokemon,Nintendo,Third person,Fantasy,Yes,102873
1289,Painkiller,2004,150,150,0,79,151,1232,0,0,,No,Shooter,DreamCatcher Interactive,,Xbox,First person,Action,Yes,828
1290,American McGee's Alice,2000,150,150,0,76,149,1251,0,0,,No,Platform,Aspyr Media,,Multi-platform,Third person,Action,No,337
1291,Dawn of Discovery,2009,149,149,0,76,151,1233,0,0,,No,Real Time Strategy (RTS),Ubisoft Entertainment,,PC,Bird view / Isometric,Fantasy,Yes,662
1292,Axiom Verge,2015,148,148,0,80,163,1165,0,0,,No,Platform,Thomas Happ Games,,Multi-platform,Side view,Action,No,8652
1293,Splatoon,2015,148,148,0,81,161,1176,0,0,,No,Shooter,Nintendo,Splatoon,Nintendo,Third person,Action,Yes,7335
1294,Battlefield: Bad Company,2008,148,148,0,82,152,1226,0,0,,No,Shooter,Electronic Arts,Battlefield,Multi-platform,First person,Action,Yes,473
1295,Red Faction,2001,148,148,0,72,149,1246,0,0,,No,Shooter,THQ,,PlayStation,First person,Action,Yes,6273
1296,Escape from Monkey Island,2000,148,148,0,82,149,1252,0,0,,No,Point-and-click,Aspyr Media,Monkey Island,PlayStation,Side view,Fantasy,No,63
1297,The Orange Box,2007,147,147,0,90,149,1250,0,0,,No,Shooter,Electronic Arts,,Multi-platform,First person,Action,Yes,339
1298,State of Decay,2013,146,146,0,75,153,1217,0,0,,No,Shooter,Microsoft Studios,,Xbox,Third person,Action,No,3049
1299,Ratchet & Clank Future: A Crack in Time,2009,146,146,0,81,152,1224,0,0,,No,Shooter,Sony Computer Entertainment,Ratchet & Clank,PlayStation,First person,Action,No,1795
1300,Gran Turismo 5,2010,146,146,0,84,152,1225,0,0,,No,Racing,Sony Computer Entertainment,Gran Turismo,PlayStation,First person,Action,Yes,1602
1301,Tom Clancy's Rainbow Six: Vegas 2,2008,146,146,0,80,151,1230,0,0,,No,Shooter,Ubisoft Entertainment,Tom Clancy’s,Multi-platform,First person,Action,Yes,1853
1302,The Chronicles of Riddick: Escape from Butcher Bay,2004,146,146,0,87,150,1241,0,0,,No,Shooter,Vivendi Games,The Chronicles of Riddick,Multi-platform,First person,Action,No,250
1303,Neverwinter Nights 2,2006,146,146,0,83,150,1242,0,0,,No,Role-playing (RPG),Infogrames Entertainment,Dungeons & Dragons,PC,Third person,Fantasy,Yes,214
1304,Sly 2: Band of Thieves,2004,146,146,0,81,149,1247,0,0,,No,Platform,Sony Computer Entertainment,Sly Cooper,PlayStation,Third person,Action,No,1799
1305,SWAT 4,2005,146,146,0,86,148,1257,0,0,,No,Shooter,Vivendi Universal,Police Quest,PC,First person,Action,Yes,316
1306,Tomb Raider: The Last Revelation,1999,146,146,0,76,146,1267,0,0,,No,Shooter,Aspyr Media,Tomb Raider,PlayStation,Third person,Action,No,1158
1307,FIFA Soccer 12,2011,145,145,0,79,154,1213,0,0,,No,Simulator,Electronic Arts,FIFA,Multi-platform,Bird view / Isometric,Non-fiction,Yes,2946
1308,Pony Island,2016,145,145,0,84,148,1253,0,0,,No,Puzzle,Daniel Mullins Games,,PC,Side view,Horror,No,15734
1309,Outlast: Whistleblower,2014,145,145,0,79,146,1265,0,0,,No,Adventure,Red Barrels,,Multi-platform,First person,Horror,No,9223
1310,Final Fantasy Tactics Advance,2003,145,145,0,86,146,1269,0,0,,No,Role-playing (RPG),Nintendo,Final Fantasy,Nintendo,Bird view / Isometric,Fantasy,Yes,414
1311,Bloons TD 6,2018,145,145,0,78,145,1270,0,0,,No,Strategy,Ninja Kiwi,Bloons TD,Multi-platform,Bird view / Isometric,Action,Yes,103380
1312,Animal Crossing,2002,145,145,0,79,145,1277,0,0,,No,Simulator,Nintendo,Animal Crossing,Nintendo,Bird view / Isometric,Fantasy,No,2655
1313,Colin McRae Rally 2.0,2000,145,145,0,82,145,1278,0,0,,No,Racing,Codemasters,Colin McRae,PlayStation,First person,Non-fiction,No,642
1314,Harry Potter and the Goblet of Fire,2005,144,144,0,59,148,1254,0,0,,No,Adventure,Electronic Arts,Harry Potter,Multi-platform,Third person,Action,Yes,3942
1315,Worms World Party,2001,144,144,0,82,145,1276,0,0,,No,Strategy,Virgin Interactive Entertainment (Europe) Ltd.,Worms,PlayStation,Third person,Action,Yes,6294
1316,Empire Earth,2001,144,144,0,77,144,1290,0,0,,No,Real Time Strategy (RTS),Sierra Entertainment,,PC,Bird view / Isometric,Science fiction,Yes,302
1317,Minecraft Dungeons,2020,143,143,0,71,155,1202,0,0,,No,Role-playing (RPG),Xbox Game Studios,,Multi-platform,Bird view / Isometric,Action,Yes,110474
1318,World of Warcraft: Legion,2016,143,143,0,86,155,1204,0,0,,No,Role-playing (RPG),Activision Blizzard,Warcraft,PC,Third person,Fantasy,Yes,11593
1319,Persona 3 FES,2007,143,143,0,90,145,1274,0,0,,No,Role-playing (RPG),Atlus USA,Megami Tensei,PlayStation,Third person,Action,No,11437
1320,HuniePop,2015,143,143,0,81,144,1284,0,0,,No,Puzzle,HuniePot,,PC,First person,Fantasy,No,9655
1321,Final Fight,1989,143,143,0,79,143,1295,0,0,,No,Fighting,Capcom,Final Fight,PC,Third person,Action,Yes,1655
1322,Shenmue,1999,143,143,0,88,142,1304,0,0,,No,Role-playing (RPG),Sega,Shenmue,Multi-platform,Third person,Fantasy,No,1217
1323,"Pokemon: Let's Go, Pikachu!",2018,142,142,0,76,154,1209,0,0,,No,Role-playing (RPG),Nintendo,Pokemon,Nintendo,Third person,Fantasy,Yes,25877
1324,VA-11 Hall-A: Cyberpunk Bartender Action,2016,142,142,0,84,150,1238,0,0,,No,Simulator,Ysbryd Games,,Multi-platform,Text,Science fiction,No,15465
1325,Signalis,2022,142,142,0,83,147,1260,0,0,,No,Adventure,Humble Games,,Multi-platform,First person,Action,No,103244
1326,The Forgotten City,2021,142,142,0,86,145,1271,0,0,,No,Role-playing (RPG),Dear Villagers,,Multi-platform,First person,Fantasy,No,103320
1327,The Lord of the Rings: The Two Towers,2002,142,142,0,70,144,1286,0,0,,No,Hack and slash/Beat 'em up,Electronic Arts,The Lord of the Rings,Multi-platform,Third person,Action,No,2965
1328,Mega Man X4,1997,142,142,0,84,142,1303,0,0,,No,Shooter,Capcom,Mega Man,PlayStation,Side view,Action,No,1744
1329,Battletoads,1991,142,142,0,76,141,1309,0,0,,No,Platform,Masaya,Battletoads,Nintendo,Side view,Action,Yes,2970
1330,Mario Party 2,1999,142,142,0,78,141,1310,0,0,,No,Quiz/Trivia,Nintendo,Mario Bros.,Nintendo,Bird view / Isometric,Action,Yes,2328
1331,Conker's Bad Fur Day,2001,142,142,0,83,141,1311,0,0,,No,Shooter,THQ,,Nintendo,Third person,Action,Yes,1286
1332,Castlevania II: Simon's Quest,1987,142,142,0,62,141,1313,0,0,,No,Platform,Konami,Castlevania,Nintendo,Side view,Action,No,1116
1333,The Medium,2021,141,141,0,73,158,1190,0,0,,No,Adventure,Bloober Team,,Multi-platform,Third person,Action,No,133308
1334,Killzone 3,2011,141,141,0,81,146,1266,0,0,,No,Shooter,Sony Computer Entertainment,Killzone,PlayStation,First person,Action,Yes,1867
1335,Mount & Blade II: Bannerlord,2020,141,141,0,79,142,1299,0,0,,No,Role-playing (RPG),Taleworlds,,Multi-platform,First person,Action,Yes,9608
1336,Golden Sun,2001,141,141,0,86,142,1305,0,0,,No,Role-playing (RPG),Nintendo,Golden Sun,Nintendo,Third person,Fantasy,Yes,1172
1337,MediEvil,1998,141,141,0,78,141,1308,0,0,,No,Platform,Sony Computer Entertainment,,PlayStation,Third person,Action,No,4000
1338,Anthem,2019,140,140,0,62,155,1203,0,0,,No,Shooter,Electronic Arts,,Multi-platform,Third person,Action,Yes,36950
1339,Forza Horizon,2012,140,140,0,83,148,1255,0,0,,No,Racing,Microsoft Studios,Forza,Xbox,First person,Open world,Yes,3047
1340,Halo Wars,2009,140,140,0,72,146,1268,0,0,,No,Real Time Strategy (RTS),Microsoft Game Studios,Halo,Xbox,Bird view / Isometric,Science fiction,Yes,988
1341,Scorn,2022,140,140,0,69,143,1292,0,0,,No,Puzzle,Kepler Interactive,,Multi-platform,First person,Action,No,19817
1342,Pokemon Trading Card Game,1998,140,140,0,74,140,1319,0,0,,No,Adventure,Gradiente,Pokemon,Nintendo,First person,Fantasy,Yes,4567
1343,Metal Gear,1987,140,140,0,74,139,1340,0,0,,No,Shooter,Konami,Metal Gear,Nintendo,Bird view / Isometric,Action,No,374
1344,SimCity,1989,139,139,0,72,139,1338,0,0,,No,Simulator,Fujitsu Interactive,Sim,PC,Bird view / Isometric,Business,No,1272
1345,Xenoblade Chronicles,2010,139,139,0,88,144,1287,0,0,,No,Role-playing (RPG),Nintendo,Xeno,Nintendo,Third person,Action,No,2364
1346,Metroid Prime 3: Corruption,2007,139,139,0,87,143,1296,0,0,,No,Shooter,Nintendo,Metroid,Nintendo,First person,Action,No,1111
1347,Zenless Zone Zero,2024,139,139,0,70,142,1298,0,0,,No,Role-playing (RPG),miHoYo,,Multi-platform,Third person,Action,No,200551
1348,Lisa: The Painful,2014,139,139,0,90,139,1332,0,0,,No,Role-playing (RPG),Dingaling,,PC,Side view,Horror,No,8492
1349,Heroes of Might and Magic II: The Succession Wars,1996,139,139,0,84,139,1341,0,0,,No,Role-playing (RPG),The 3DO Company,Might and Magic,PC,Bird view / Isometric,Fantasy,Yes,363
1350,Blur,2010,138,138,0,78,142,1301,0,0,,No,Racing,Square Enix,,Multi-platform,First person,Action,Yes,3235
1351,Metal Slug X,1999,138,138,0,79,139,1328,0,0,,No,Shooter,SNK,Metal Slug,Nintendo,Side view,Action,Yes,18840
1352,The Godfather,2006,138,138,0,74,139,1337,0,0,,No,Shooter,Electronic Arts,The Godfather,Multi-platform,Third person,Action,No,2482
1353,RuneScape,2001,138,138,0,78,136,1363,0,0,,No,Role-playing (RPG),Jagex,,PC,Third person,Action,Yes,5611
1354,Immortals Fenyx Rising,2020,137,137,0,74,147,1259,0,0,,No,Puzzle,Ubisoft Entertainment,,Multi-platform,Third person,Action,No,119357
1355,Zero Escape: Virtue's Last Reward,2012,137,137,0,87,143,1294,0,0,,No,Point-and-click,Rising Star Games,,Multi-platform,First person,Science fiction,No,6614
1356,Cocoon,2023,137,137,0,86,142,1297,0,0,,No,Puzzle,Annapurna Interactive,,Multi-platform,Bird view / Isometric,Science fiction,No,204627
1357,Peter Jackson's King Kong: The Official Game of the Movie,2005,137,137,0,76,141,1307,0,0,,No,Shooter,Ubisoft Entertainment,King Kong,Multi-platform,First person,Action,No,4065
1358,Ratchet & Clank Future: Tools of Destruction,2007,137,137,0,85,140,1323,0,0,,No,Shooter,Sony Computer Entertainment,Ratchet & Clank,PlayStation,Third person,Action,No,1792
1359,Fire Emblem: The Blazing Blade,2003,137,137,0,88,138,1345,0,0,,No,Role-playing (RPG),Nintendo,Fire Emblem,Nintendo,Bird view / Isometric,Fantasy,No,1439
1360,Rayman 3: Hoodlum Havoc,2003,137,137,0,72,136,1367,0,0,,No,Platform,Feral Interactive,Rayman,Multi-platform,Third person,Action,No,1966
1361,Colin McRae: Dirt 2,2009,136,136,0,79,144,1289,0,0,,No,Racing,Codemasters,Colin McRae,Multi-platform,First person,Action,Yes,561
1362,BioShock Infinite: Burial at Sea - Episode 1,2013,136,136,0,79,140,1316,0,0,,No,Shooter,2K Games,Bioshock,Multi-platform,First person,Action,No,10047
1363,Gun,2005,136,136,0,70,140,1320,0,0,,No,Adventure,Activision,,Multi-platform,First person,Action,No,3939
1364,Battlefield 6,2025,136,136,0,80,138,1342,0,0,,No,Shooter,Electronic Arts,Battlefield,Multi-platform,First person,Action,Yes,317407
1365,Advance Wars,2001,136,136,0,92,137,1354,0,0,,No,Simulator,Nintendo,Wars,Nintendo,Bird view / Isometric,Action,Yes,1691
1366,Spider-Man: Shattered Dimensions,2010,135,135,0,73,145,1279,0,0,,No,Platform,Activision,Marvel,Multi-platform,First person,Action,No,553
1367,Mario & Luigi: Bowser's Inside Story,2009,135,135,0,93,140,1321,0,0,,No,Role-playing (RPG),Nintendo,Mario,Nintendo,Bird view / Isometric,Action,No,3363
1368,XIII,2003,135,135,0,76,140,1322,0,0,,No,Shooter,Ubisoft Entertainment,XIII,Multi-platform,First person,Action,Yes,1987
1369,Apollo Justice: Ace Attorney,2007,135,135,0,73,140,1324,0,0,,No,Point-and-click,Capcom,Ace Attorney,Nintendo,First person,Comedy,No,1429
1370,Winning Eleven: Pro Evolution Soccer 2007,2006,135,135,0,75,139,1336,0,0,,No,Simulator,Konami,Pro Evolution Soccer,PlayStation,Bird view / Isometric,Unknown,Yes,2484
1371,Astro Bot,2024,135,135,0,93,138,1343,0,0,,No,Platform,Sony Interactive Entertainment,,PlayStation,Third person,Action,No,303811
1372,R.E.P.O.,2025,135,135,0,74,134,1373,0,0,,No,Strategy,semiwork,,PC,First person,Action,Yes,332780
1373,Getting Over It with Bennett Foddy,2017,135,135,0,80,134,1377,0,0,,No,Platform,Bennett Foddy,,PC,Third person,Action,No,72373
1374,The Room Two,2013,134,134,0,80,137,1349,0,0,,No,Point-and-click,Fireproof Games,,Nintendo,First person,Fantasy,No,11276
1375,TimeSplitters 2,2002,134,134,0,91,136,1365,0,0,,No,Shooter,Eidos Interactive,,Multi-platform,First person,Fantasy,Yes,2143
1376,Buckshot Roulette,2023,134,134,0,79,134,1374,0,0,,No,Simulator,Critical Reflex,,Xbox,First person,Action,Yes,281275
1377,Dragon Ball Z: Budokai 3,2004,134,134,0,84,134,1381,0,0,,No,Fighting,Bandai,Dragon Ball,PlayStation,Side view,Action,Yes,2566
1378,Black & White,2001,134,134,0,75,134,1385,0,0,,No,Puzzle,Electronic Arts,,PC,Bird view / Isometric,Sandbox,Yes,308
1379,Command & Conquer: Red Alert 2 - Yuri's Revenge,2001,134,134,0,82,133,1394,0,0,,No,Real Time Strategy (RTS),Electronic Arts,Command & Conquer,PC,Bird view / Isometric,Fantasy,Yes,648
1380,Pikuniku,2019,133,133,0,72,137,1347,0,0,,No,Platform,Devolver Digital,,Multi-platform,Side view,Action,Yes,55190
1381,Tekken,1994,133,133,0,71,134,1383,0,0,,No,Fighting,Namco,Tekken,Other,Side view,Action,Yes,1242
1382,Maniac Mansion,1987,133,133,0,87,134,1386,0,0,,No,Point-and-click,Lucasfilm Games,,PC,Side view,Fantasy,No,192
1383,Arena Breakout: Infinite,2025,133,133,0,82,133,1387,0,0,,No,Shooter,Morefun Studio Group,,PC,First person,Action,Yes,298915
1384,PUBG Mobile,2018,133,133,0,74,133,1388,0,0,,No,Shooter,Tencent Games,PlayerUnknown's Battlegrounds,Other,First person,Action,Yes,95340
1385,Disney's Tarzan,1999,133,133,0,71,133,1389,0,0,,No,Platform,Activision,Disney's Tarzan,Multi-platform,Third person,Action,No,10662
1386,Resident Evil Code: Veronica X,2001,133,133,0,74,132,1397,0,0,,No,Shooter,Capcom,Resident Evil,Multi-platform,Third person,Action,No,24369
1387,Crash Bandicoot 4: It's About Time,2020,132,132,0,84,146,1262,0,0,,No,Platform,Activision,Crash Bandicoot,Multi-platform,Third person,Action,No,135254
1388,Unreal Tournament III,2007,132,132,0,70,139,1339,0,0,,No,Shooter,Electronic Arts,Unreal,Multi-platform,First person,Action,Yes,928
1389,Skate 3,2010,132,132,0,82,136,1364,0,0,,No,Sport,Electronic Arts,,Multi-platform,Third person,Sandbox,Yes,2587
1390,Katamari Damacy,2004,132,132,0,86,135,1372,0,0,,No,Puzzle,Namco,,PlayStation,Third person,Fantasy,Yes,6453
1391,Chrono Cross,1999,132,132,0,85,132,1401,0,0,,No,Role-playing (RPG),Square Enix,Chrono,PlayStation,Bird view / Isometric,Fantasy,No,1804
1392,Mega Man 4,1991,132,132,0,77,131,1414,0,0,,No,Shooter,Capcom,Mega Man,Nintendo,Side view,Action,No,1717
1393,Anno 1800,2019,131,131,0,85,136,1357,0,0,,No,Real Time Strategy (RTS),Ubisoft Entertainment,,Multi-platform,Bird view / Isometric,Historical,Yes,55036
1394,Sonic Unleashed,2008,131,131,0,62,134,1380,0,0,,No,Platform,Sega,Sonic The Hedgehog,Multi-platform,Third person,Action,No,5169
1395,Fire Emblem: The Sacred Stones,2004,131,131,0,83,134,1382,0,0,,No,Role-playing (RPG),Nintendo,Fire Emblem,Nintendo,Third person,Fantasy,Yes,1440
1396,The Operative: No One Lives Forever,2000,131,131,0,76,132,1402,0,0,,No,Shooter,Fox Interactive,,PlayStation,First person,Action,Yes,897
1397,Subway Surfers,2012,131,131,0,67,131,1411,0,0,,No,Platform,Kiloo Games,,PC,Third person,Action,No,6166
1398,Kirby Super Star,1996,131,131,0,83,131,1413,0,0,,No,Platform,Nintendo,Kirby,Nintendo,Side view,Action,Yes,3719
1399,Dead Rising 3,2013,130,130,0,72,144,1285,0,0,,No,Role-playing (RPG),Microsoft Studios,Dead Rising,Xbox,First person,Action,Yes,3199
1400,Dragon Age: The Veilguard,2024,130,130,0,80,137,1348,0,0,,No,Role-playing (RPG),Electronic Arts,Dragon Age,Multi-platform,Third person,Action,No,30208
1401,EA Sports FC 24,2023,130,130,0,63,136,1355,0,0,,No,Simulator,EA Sports,,Multi-platform,Third person,Non-fiction,Yes,256092
1402,Botanicula,2012,130,130,0,80,133,1390,0,0,,No,Point-and-click,Amanita Design,,PC,Side view,Fantasy,No,6611
1403,S.T.A.L.K.E.R. 2: Heart of Chornobyl,2024,130,130,0,84,131,1408,0,0,,No,Shooter,GSC Game World,S.T.A.L.K.E.R.,Multi-platform,First person,Action,No,101440
1404,Gran Turismo 3: A-Spec,2001,130,130,0,92,131,1415,0,0,,No,Racing,Sony Computer Entertainment,Gran Turismo,PlayStation,First person,Non-fiction,Yes,1600
1405,Final Fantasy V,1992,130,130,0,78,130,1426,0,0,,No,Role-playing (RPG),Square Enix,Final Fantasy,Nintendo,Bird view / Isometric,Action,No,419
1406,Command & Conquer: Generals - Zero Hour,2003,130,130,0,84,129,1432,0,0,,No,Real Time Strategy (RTS),Electronic Arts,Command & Conquer,PC,Bird view / Isometric,Action,Yes,650
1407,Thief: Deadly Shadows,2004,129,129,0,82,131,1417,0,0,,No,Shooter,Eidos Interactive,,Xbox,First person,Action,No,3
1408,Bubble Bobble,1986,129,129,0,79,128,1441,0,0,,No,Platform,Taito,Bubble Bobble,Other,Side view,Action,Yes,2630
1409,SoulCalibur III,2005,128,128,0,82,130,1424,0,0,,No,Fighting,Namco,SoulCalibur,PlayStation,Side view,Action,No,1566
1410,Soldier of Fortune,2000,128,128,0,82,129,1430,0,0,,No,Shooter,Majesco Entertainment,,PlayStation,First person,Action,Yes,3111
1411,Sonic Advance,2001,128,128,0,75,128,1437,0,0,,No,Platform,THQ,Sonic The Hedgehog,Nintendo,Bird view / Isometric,Action,Yes,6283
1412,Comix Zone,1995,128,128,0,75,128,1440,0,0,,No,Puzzle,Tec Toy,,Multi-platform,Side view,Action,No,3071
1413,Tekken Tag Tournament,1999,128,128,0,81,128,1444,0,0,,No,Fighting,Namco,Tekken,Other,Third person,Action,Yes,1249
1414,Arcanum: of Steamworks and Magick Obscura,2001,128,128,0,89,128,1447,0,0,,No,Role-playing (RPG),Sierra Entertainment,,PC,Bird view / Isometric,Fantasy,Yes,255
1415,Toy Story 2: Buzz Lightyear to the Rescue!,1999,127,127,0,71,128,1438,0,0,,No,Platform,Activision,Toy Story,Multi-platform,First person,Action,No,3619
1416,Ice Climber,1985,127,127,0,65,127,1450,0,0,,No,Platform,Nintendo,,Nintendo,Side view,Action,Yes,3666
1417,Pong,1972,127,127,0,79,127,1452,0,0,,No,Simulator,Atari,Pong,PC,Bird view / Isometric,Action,Yes,1333
1418,Mario Tennis,2000,127,127,0,77,126,1462,0,0,,No,Sport,Nintendo,Mario,Nintendo,Third person,Action,Yes,3406
1419,Castlevania: Lords of Shadow 2,2014,126,126,0,68,141,1312,0,0,,No,Hack and slash/Beat 'em up,Konami,Castlevania,Multi-platform,Third person,Action,No,1182
1420,Owlboy,2016,126,126,0,84,139,1330,0,0,,No,Platform,SOEDESCO Publishing,,Multi-platform,Side view,Action,No,12597
1421,Thimbleweed Park,2017,126,126,0,81,139,1331,0,0,,No,Point-and-click,Terrible Toybox,,Multi-platform,Side view,Comedy,No,10232
1422,Diablo II: Resurrected,2021,126,126,0,84,137,1346,0,0,,No,Role-playing (RPG),Blizzard Entertainment,Diablo,Multi-platform,Bird view / Isometric,Action,Yes,142803
1423,Subnautica: Below Zero,2021,126,126,0,80,131,1407,0,0,,No,Adventure,Unknown Worlds Entertainment,,Multi-platform,First person,Science fiction,No,107315
1424,Far: Lone Sails,2018,126,126,0,77,128,1436,0,0,,No,Platform,Assemble Entertainment,,Multi-platform,Side view,Action,No,19520
1425,Deltarune: Chapter 1,2018,126,126,0,85,126,1455,0,0,,No,Role-playing (RPG),tobyfox,,Multi-platform,Bird view / Isometric,Fantasy,No,111563
1426,Dragon Quest XI: Echoes of an Elusive Age,2017,125,125,0,84,136,1358,0,0,,No,Role-playing (RPG),Square Enix,Dragon Quest,PlayStation,Third person,Fantasy,No,11667
1427,Road 96,2021,125,125,0,78,131,1404,0,0,,No,Puzzle,Ravenscourt,,Multi-platform,First person,Action,No,141543
1428,Spider-Man: Web of Shadows,2008,125,125,0,72,131,1412,0,0,,No,Fighting,Activision,Spider-Man,Multi-platform,Third person,Action,No,5181
1429,SoulCalibur,1998,125,125,0,72,126,1465,0,0,,No,Fighting,Namco,SoulCalibur,Xbox,Third person,Action,Yes,1564
1430,Disney's Chip 'n Dale Rescue Rangers,1990,125,125,0,79,125,1470,0,0,,No,Platform,Capcom,Disney,Nintendo,Side view,Action,Yes,6490
1431,Unreal Tournament 2003,2002,125,125,0,83,125,1476,0,0,,No,Shooter,Infogrames,Unreal,PC,First person,Action,Yes,926
1432,Teamfight Tactics,2019,125,125,0,82,124,1479,0,0,,No,Strategy,Riot Games,League of Legends,PC,Bird view / Isometric,Fantasy,Yes,120176
1433,OneShot,2016,125,125,0,83,124,1482,0,0,,No,Puzzle,Degica Games,,PC,Bird view / Isometric,Fantasy,No,23181
1434,Little Misfortune,2019,125,125,0,67,123,1497,0,0,,No,Point-and-click,Killmonday Games HB,,Multi-platform,Side view,Horror,No,108778
1435,Plants vs. Zombies: Garden Warfare,2014,124,124,0,74,142,1302,0,0,,No,Shooter,Electronic Arts,Plants vs. Zombies,Multi-platform,Third person,Action,Yes,3146
1436,Sea of Stars,2023,124,124,0,86,132,1395,0,0,,No,Role-playing (RPG),Sabotage,,Multi-platform,Bird view / Isometric,Fantasy,Yes,131890
1437,Battlefield 2042,2021,124,124,0,64,132,1396,0,0,,No,Shooter,Electronic Arts,Battlefield,Multi-platform,First person,Action,Yes,125166
1438,FIFA Soccer 11,2010,124,124,0,79,128,1445,0,0,,No,Simulator,Electronic Arts,FIFA,Multi-platform,Third person,Non-fiction,Yes,503
1439,Silent Hill: Origins,2007,124,124,0,77,128,1446,0,0,,No,Puzzle,Konami Digital Entertainment,Silent Hill,PlayStation,Third person,Horror,No,484
1440,Guitar Hero World Tour,2008,124,124,0,79,126,1464,0,0,,No,Music,Activision,,Multi-platform,Auditory,Party,Yes,2669
1441,Dungeon Siege,2002,124,124,0,75,126,1466,0,0,,No,Role-playing (RPG),MacSoft Games,,PC,Bird view / Isometric,Action,Yes,329
1442,Forza Horizon 2,2014,123,123,0,85,140,1318,0,0,,No,Racing,Microsoft Studios,Forza,Xbox,First person,Open world,No,7326
1443,Naruto Shippuden: Ultimate Ninja Storm 3,2013,123,123,0,76,130,1422,0,0,,No,Fighting,Bandai Namco Entertainment,Naruto,Multi-platform,Third person,Action,Yes,7099
1444,Syndicate,2012,123,123,0,74,129,1431,0,0,,No,Shooter,Electronic Arts,,Multi-platform,First person,Action,Yes,1006
1445,Call of Cthulhu: Dark Corners of the Earth,2005,123,123,0,79,124,1488,0,0,,No,Shooter,Bethesda Softworks,,Xbox,First person,Action,No,2964
1446,Kingdom Hearts: Chain of Memories,2004,123,123,0,79,124,1494,0,0,,No,Role-playing (RPG),Nintendo,Kingdom Hearts,Other,Side view,Action,Yes,1220
1447,Captain Toad: Treasure Tracker,2014,122,122,0,81,136,1362,0,0,,No,Platform,Nintendo,Mario,Nintendo,Third person,Action,No,7337
1448,Persona 3 Portable,2009,122,122,0,86,130,1421,0,0,,No,Point-and-click,Ghostlight Ltd.,Megami Tensei,PlayStation,Third person,Action,No,11416
1449,LEGO Pirates of the Caribbean: The Video Game,2011,122,122,0,73,127,1453,0,0,,No,Platform,Disney Interactive Studios,Pirates of the Caribbean,Multi-platform,Third person,Action,Yes,542
1450,Resistance: Fall of Man,2006,122,122,0,79,125,1474,0,0,,No,Shooter,Sony Computer Entertainment,,PlayStation,First person,Action,Yes,1278
1451,Marvel vs. Capcom 2: New Age of Heroes,2000,122,122,0,83,124,1485,0,0,,No,Fighting,Capcom,Marvel,Multi-platform,Side view,Action,Yes,8247
1452,Albion Online,2017,122,122,0,82,123,1499,0,0,,No,Role-playing (RPG),Sandbox Interactive,,PC,Bird view / Isometric,Fantasy,Yes,19698
1453,Final Fantasy III,2006,121,121,0,66,130,1427,0,0,,No,Role-playing (RPG),Square Enix,Final Fantasy,Nintendo,Third person,Action,Yes,393
1454,SoulCalibur VI,2018,121,121,0,81,134,1376,0,0,,No,Fighting,Bandai Namco Entertainment,,Multi-platform,Side view,Action,Yes,76885
1455,Minit,2018,121,121,0,75,128,1435,0,0,,No,Puzzle,Devolver Digital,,Multi-platform,Bird view / Isometric,Action,No,26970
1456,Kingdom Hearts 358/2 Days,2009,121,121,0,75,125,1475,0,0,,No,Role-playing (RPG),Disney Interactive Studios,Kingdom Hearts,Nintendo,Third person,Action,Yes,1223
1457,Mario & Luigi: Partners in Time,2005,121,121,0,85,124,1486,0,0,,No,Puzzle,Nintendo,Mario,Nintendo,Side view,Action,No,3364
1458,Mario Party 8,2007,121,121,0,65,124,1490,0,0,,No,Puzzle,Nintendo,Mario Bros.,Nintendo,First person,Party,Yes,2193
1459,SoulCalibur IV,2008,120,120,0,78,128,1443,0,0,,No,Fighting,Bandai Namco Entertainment,SoulCalibur,Xbox,Side view,Action,Yes,1567
1460,Minecraft: Story Mode,2015,120,120,0,69,126,1458,0,0,,No,Point-and-click,Mojang Studios,Minecraft,Multi-platform,Third person,Action,No,8339
1461,Call of the Sea,2020,120,120,0,72,125,1467,0,0,,No,Platform,Raw Fury,,Multi-platform,First person,Historical,No,133306
1462,Ultimate Marvel vs. Capcom 3,2011,119,119,0,77,136,1366,0,0,,No,Fighting,Capcom,Marvel,Multi-platform,Side view,Action,Yes,2066
1463,World War Z,2019,119,119,0,73,131,1409,0,0,,No,Shooter,Focus Entertainment,World War Z,Multi-platform,Third person,Action,Yes,20910
1464,FIFA 21,2020,118,118,0,70,126,1454,0,0,,No,Simulator,EA Sports,FIFA,Multi-platform,Third person,Non-fiction,Yes,134101
1465,Spider-Man 3,2007,118,118,0,61,126,1460,0,0,,No,Platform,Activision,Spider-Man,Multi-platform,Third person,Action,No,5178
1466,LEGO Harry Potter: Years 5-7,2011,118,118,0,75,125,1472,0,0,,No,Platform,Feral Interactive,Harry Potter,Multi-platform,Third person,Action,Yes,3150
1467,Momodora: Reverie Under the Moonlight,2016,118,118,0,84,124,1483,0,0,,No,Platform,PLAYISM,,Multi-platform,Side view,Action,No,18182
1468,Dragon Ball: Xenoverse 2,2016,117,117,0,74,139,1327,0,0,,No,Fighting,Bandai Namco Entertainment,Dragon Ball,Multi-platform,Third person,Action,Yes,19449
1469,RoboCop: Rogue City,2023,117,117,0,73,123,1496,0,0,,No,Shooter,Nacon,RoboCop,Multi-platform,First person,Action,No,154775
1470,Horizon Zero Dawn: The Frozen Wilds,2017,116,116,0,85,128,1434,0,0,,No,Role-playing (RPG),Sony Interactive Entertainment,Horizon,PlayStation,Third person,Action,No,37083
1471,Gears of War: Ultimate Edition,2015,114,114,0,79,132,1398,0,0,,No,Shooter,Microsoft Studios,,Xbox,Third person,Action,Yes,16605
1472,Zero Escape: Zero Time Dilemma,2016,114,114,0,80,136,1359,0,0,,No,Puzzle,Aksys Games,,Multi-platform,Text,Action,No,11549
1473,Dragon Quest VIII: Journey of the Cursed King,2004,112,112,0,87,124,1492,0,0,,No,Role-playing (RPG),Square Enix,Dragon Quest,PlayStation,Third person,Action,No,1819
1474,The Sinking City,2019,110,110,0,70,125,1469,0,0,,No,Shooter,Bigben Interactive,,Multi-platform,Third person,Action,No,18225
1475,Total War: Warhammer,2016,109,109,0,85,132,1399,0,0,,No,Real Time Strategy (RTS),Feral Interactive,Warhammer,PC,Bird view / Isometric,Action,Yes,9898
1476,Metroid: Samus Returns,2017,109,109,0,85,123,1498,0,0,,No,Platform,Nintendo,Metroid,Nintendo,Side view,Action,No,37140